Conversion_Date,Channel,CustomerID,Revenue
2026-07-03,Google Ads,5000,99
2026-07-03,Google Ads,5001,99
2026-07-03,Google Ads,5002,499
2026-07-03,Google Ads,5003,99
2026-07-03,Google Ads,5004,99
2026-07-03,Google Ads,5005,99
2026-07-03,Meta Ads,5006,99
2026-07-03,Meta Ads,5007,199
2026-07-03,Meta Ads,5008,499
2026-07-03,Meta Ads,5009,999
2026-07-03,Meta Ads,5010,199
2026-07-03,Meta Ads,5011,99
2026-07-03,LinkedIn Ads,5012,99
2026-07-03,LinkedIn Ads,5013,199
2026-07-03,LinkedIn Ads,5014,199
2026-07-03,LinkedIn Ads,5015,99
2026-07-03,LinkedIn Ads,5016,199
2026-07-03,LinkedIn Ads,5017,99
2026-07-03,Email Marketing,5018,99
2026-07-03,Email Marketing,5019,199
2026-07-03,Email Marketing,5020,199
2026-07-03,Email Marketing,5021,499
2026-07-03,Email Marketing,5022,99
2026-07-03,Email Marketing,5023,99
2026-07-03,Email Marketing,5024,99
2026-07-03,Email Marketing,5025,99
2026-07-03,Email Marketing,5026,499
2026-07-03,Email Marketing,5027,99
2026-07-03,Email Marketing,5028,999
2026-07-03,Email Marketing,5029,99
2026-07-03,Email Marketing,5030,199
2026-07-03,Email Marketing,5031,199
2026-07-03,Email Marketing,5032,99
2026-07-03,Email Marketing,5033,99
2026-07-04,Google Ads,5034,99
2026-07-04,Google Ads,5035,99
2026-07-04,Google Ads,5036,99
2026-07-04,Google Ads,5037,99
2026-07-04,Google Ads,5038,99
2026-07-04,Google Ads,5039,99
2026-07-04,Google Ads,5040,499
2026-07-04,Google Ads,5041,99
2026-07-04,Google Ads,5042,199
2026-07-04,Google Ads,5043,199
2026-07-04,Google Ads,5044,99
2026-07-04,Google Ads,5045,99
2026-07-04,Google Ads,5046,99
2026-07-04,Meta Ads,5047,99
2026-07-04,Meta Ads,5048,99
2026-07-04,Meta Ads,5049,199
2026-07-04,LinkedIn Ads,5050,499
2026-07-04,LinkedIn Ads,5051,199
2026-07-04,LinkedIn Ads,5052,99
2026-07-04,LinkedIn Ads,5053,99
2026-07-04,Email Marketing,5054,199
2026-07-04,Email Marketing,5055,99
2026-07-04,Email Marketing,5056,499
2026-07-04,Email Marketing,5057,199
2026-07-04,Email Marketing,5058,199
2026-07-04,Email Marketing,5059,99
2026-07-04,Email Marketing,5060,199
2026-07-04,Email Marketing,5061,99
2026-07-04,Email Marketing,5062,999
2026-07-04,Email Marketing,5063,99
2026-07-04,Email Marketing,5064,199
2026-07-04,Email Marketing,5065,99
2026-07-05,Google Ads,5066,99
2026-07-05,Google Ads,5067,99
2026-07-05,Google Ads,5068,99
2026-07-05,Google Ads,5069,99
2026-07-05,Google Ads,5070,99
2026-07-05,Google Ads,5071,499
2026-07-05,Google Ads,5072,499
2026-07-05,Google Ads,5073,499
2026-07-05,Meta Ads,5074,199
2026-07-05,Meta Ads,5075,199
2026-07-05,Meta Ads,5076,499
2026-07-05,Meta Ads,5077,99
2026-07-05,Meta Ads,5078,99
2026-07-05,Meta Ads,5079,999
2026-07-05,Meta Ads,5080,99
2026-07-05,Meta Ads,5081,999
2026-07-05,Meta Ads,5082,499
2026-07-05,Meta Ads,5083,99
2026-07-05,Meta Ads,5084,99
2026-07-05,LinkedIn Ads,5085,99
2026-07-05,LinkedIn Ads,5086,199
2026-07-05,LinkedIn Ads,5087,499
2026-07-05,LinkedIn Ads,5088,999
2026-07-05,LinkedIn Ads,5089,99
2026-07-05,Email Marketing,5090,99
2026-07-05,Email Marketing,5091,499
2026-07-05,Email Marketing,5092,99
2026-07-05,Email Marketing,5093,99
2026-07-05,Email Marketing,5094,199
2026-07-05,Email Marketing,5095,199
2026-07-05,Email Marketing,5096,499
2026-07-05,Email Marketing,5097,99
2026-07-05,Email Marketing,5098,199
2026-07-05,Email Marketing,5099,99
2026-07-05,Email Marketing,5100,99
2026-07-05,Email Marketing,5101,99
2026-07-05,Email Marketing,5102,999
2026-07-05,Email Marketing,5103,499
2026-07-05,Email Marketing,5104,99
2026-07-05,Email Marketing,5105,99
2026-07-05,Email Marketing,5106,199
2026-07-05,Email Marketing,5107,99
2026-07-05,Email Marketing,5108,99
2026-07-05,Email Marketing,5109,499
2026-07-05,Email Marketing,5110,199
2026-07-06,Google Ads,5111,99
2026-07-06,Google Ads,5112,199
2026-07-06,Google Ads,5113,199
2026-07-06,Google Ads,5114,999
2026-07-06,Google Ads,5115,499
2026-07-06,Google Ads,5116,99
2026-07-06,Google Ads,5117,99
2026-07-06,Google Ads,5118,199
2026-07-06,Google Ads,5119,99
2026-07-06,Google Ads,5120,99
2026-07-06,Meta Ads,5121,199
2026-07-06,Meta Ads,5122,199
2026-07-06,Meta Ads,5123,99
2026-07-06,Meta Ads,5124,99
2026-07-06,Meta Ads,5125,199
2026-07-06,Meta Ads,5126,99
2026-07-06,Meta Ads,5127,199
2026-07-06,Meta Ads,5128,99
2026-07-06,Meta Ads,5129,99
2026-07-06,Meta Ads,5130,99
2026-07-06,Meta Ads,5131,499
2026-07-06,Meta Ads,5132,99
2026-07-06,Meta Ads,5133,199
2026-07-06,Meta Ads,5134,99
2026-07-06,LinkedIn Ads,5135,99
2026-07-06,LinkedIn Ads,5136,99
2026-07-06,LinkedIn Ads,5137,99
2026-07-06,Email Marketing,5138,199
2026-07-06,Email Marketing,5139,199
2026-07-06,Email Marketing,5140,499
2026-07-06,Email Marketing,5141,99
2026-07-06,Email Marketing,5142,99
2026-07-06,Email Marketing,5143,199
2026-07-06,Email Marketing,5144,199
2026-07-06,Email Marketing,5145,99
2026-07-06,Email Marketing,5146,199
2026-07-06,Email Marketing,5147,99
2026-07-06,Email Marketing,5148,99
2026-07-06,Email Marketing,5149,99
2026-07-06,Email Marketing,5150,99
2026-07-06,Email Marketing,5151,99
2026-07-06,Email Marketing,5152,99
2026-07-06,Email Marketing,5153,199
2026-07-07,Google Ads,5154,99
2026-07-07,Google Ads,5155,99
2026-07-07,Google Ads,5156,999
2026-07-07,Google Ads,5157,199
2026-07-07,Google Ads,5158,99
2026-07-07,Google Ads,5159,199
2026-07-07,Google Ads,5160,99
2026-07-07,Google Ads,5161,199
2026-07-07,Google Ads,5162,199
2026-07-07,Meta Ads,5163,99
2026-07-07,Meta Ads,5164,199
2026-07-07,Meta Ads,5165,99
2026-07-07,Meta Ads,5166,199
2026-07-07,Meta Ads,5167,99
2026-07-07,Meta Ads,5168,199
2026-07-07,Meta Ads,5169,99
2026-07-07,Meta Ads,5170,199
2026-07-07,Meta Ads,5171,99
2026-07-07,Meta Ads,5172,999
2026-07-07,LinkedIn Ads,5173,999
2026-07-07,LinkedIn Ads,5174,499
2026-07-07,LinkedIn Ads,5175,99
2026-07-07,LinkedIn Ads,5176,99
2026-07-07,LinkedIn Ads,5177,199
2026-07-07,LinkedIn Ads,5178,99
2026-07-07,Email Marketing,5179,99
2026-07-07,Email Marketing,5180,99
2026-07-07,Email Marketing,5181,99
2026-07-07,Email Marketing,5182,499
2026-07-07,Email Marketing,5183,99
2026-07-07,Email Marketing,5184,199
2026-07-07,Email Marketing,5185,199
2026-07-07,Email Marketing,5186,99
2026-07-07,Email Marketing,5187,99
2026-07-07,Email Marketing,5188,199
2026-07-07,Email Marketing,5189,199
2026-07-07,Email Marketing,5190,99
2026-07-07,Email Marketing,5191,99
2026-07-07,Email Marketing,5192,199
2026-07-07,Email Marketing,5193,199
2026-07-07,Email Marketing,5194,99
2026-07-07,Email Marketing,5195,499
2026-07-07,Email Marketing,5196,199
2026-07-07,Email Marketing,5197,99
2026-07-07,Email Marketing,5198,99
2026-07-08,Google Ads,5199,199
2026-07-08,Google Ads,5200,99
2026-07-08,Google Ads,5201,99
2026-07-08,Google Ads,5202,499
2026-07-08,Google Ads,5203,999
2026-07-08,Google Ads,5204,99
2026-07-08,Google Ads,5205,99
2026-07-08,Google Ads,5206,99
2026-07-08,Google Ads,5207,499
2026-07-08,Google Ads,5208,199
2026-07-08,Google Ads,5209,99
2026-07-08,Google Ads,5210,99
2026-07-08,Meta Ads,5211,99
2026-07-08,Meta Ads,5212,499
2026-07-08,Meta Ads,5213,499
2026-07-08,Meta Ads,5214,99
2026-07-08,LinkedIn Ads,5215,199
2026-07-08,LinkedIn Ads,5216,99
2026-07-08,LinkedIn Ads,5217,99
2026-07-08,Email Marketing,5218,99
2026-07-08,Email Marketing,5219,99
2026-07-08,Email Marketing,5220,99
2026-07-08,Email Marketing,5221,499
2026-07-08,Email Marketing,5222,99
2026-07-08,Email Marketing,5223,199
2026-07-08,Email Marketing,5224,499
2026-07-08,Email Marketing,5225,499
2026-07-09,Google Ads,5226,499
2026-07-09,Google Ads,5227,199
2026-07-09,Google Ads,5228,99
2026-07-09,Google Ads,5229,99
2026-07-09,Google Ads,5230,99
2026-07-09,Google Ads,5231,99
2026-07-09,Google Ads,5232,499
2026-07-09,Google Ads,5233,99
2026-07-09,Google Ads,5234,99
2026-07-09,Google Ads,5235,999
2026-07-09,Google Ads,5236,99
2026-07-09,Google Ads,5237,99
2026-07-09,Meta Ads,5238,99
2026-07-09,Meta Ads,5239,499
2026-07-09,Meta Ads,5240,99
2026-07-09,Meta Ads,5241,99
2026-07-09,Meta Ads,5242,499
2026-07-09,Meta Ads,5243,99
2026-07-09,Meta Ads,5244,99
2026-07-09,Meta Ads,5245,99
2026-07-09,Meta Ads,5246,99
2026-07-09,Meta Ads,5247,199
2026-07-09,Meta Ads,5248,99
2026-07-09,Meta Ads,5249,999
2026-07-09,Meta Ads,5250,99
2026-07-09,Meta Ads,5251,99
2026-07-09,Meta Ads,5252,199
2026-07-09,Meta Ads,5253,199
2026-07-09,LinkedIn Ads,5254,999
2026-07-09,LinkedIn Ads,5255,99
2026-07-09,LinkedIn Ads,5256,99
2026-07-09,LinkedIn Ads,5257,99
2026-07-09,Email Marketing,5258,99
2026-07-09,Email Marketing,5259,499
2026-07-09,Email Marketing,5260,99
2026-07-09,Email Marketing,5261,199
2026-07-09,Email Marketing,5262,99
2026-07-09,Email Marketing,5263,99
2026-07-09,Email Marketing,5264,99
2026-07-09,Email Marketing,5265,499
2026-07-09,Email Marketing,5266,99
2026-07-09,Email Marketing,5267,199
2026-07-09,Email Marketing,5268,99
2026-07-09,Email Marketing,5269,99
2026-07-09,Email Marketing,5270,199
2026-07-09,Email Marketing,5271,99
2026-07-09,Email Marketing,5272,99
2026-07-10,Google Ads,5273,99
2026-07-10,Google Ads,5274,99
2026-07-10,Google Ads,5275,199
2026-07-10,Google Ads,5276,999
2026-07-10,Google Ads,5277,499
2026-07-10,Google Ads,5278,99
2026-07-10,Google Ads,5279,199
2026-07-10,Google Ads,5280,99
2026-07-10,Google Ads,5281,999
2026-07-10,Google Ads,5282,99
2026-07-10,Google Ads,5283,199
2026-07-10,Meta Ads,5284,99
2026-07-10,Meta Ads,5285,99
2026-07-10,Meta Ads,5286,999
2026-07-10,Meta Ads,5287,99
2026-07-10,Meta Ads,5288,99
2026-07-10,Meta Ads,5289,99
2026-07-10,Meta Ads,5290,499
2026-07-10,Meta Ads,5291,999
2026-07-10,LinkedIn Ads,5292,99
2026-07-10,LinkedIn Ads,5293,99
2026-07-10,LinkedIn Ads,5294,99
2026-07-10,LinkedIn Ads,5295,99
2026-07-10,Email Marketing,5296,499
2026-07-10,Email Marketing,5297,99
2026-07-10,Email Marketing,5298,999
2026-07-10,Email Marketing,5299,199
2026-07-10,Email Marketing,5300,99
2026-07-10,Email Marketing,5301,99
2026-07-10,Email Marketing,5302,99
2026-07-10,Email Marketing,5303,199
2026-07-10,Email Marketing,5304,99
2026-07-10,Email Marketing,5305,199
2026-07-10,Email Marketing,5306,199
2026-07-10,Email Marketing,5307,99
2026-07-10,Email Marketing,5308,199
2026-07-10,Email Marketing,5309,99
2026-07-10,Email Marketing,5310,199
2026-07-10,Email Marketing,5311,99
2026-07-10,Email Marketing,5312,99
2026-07-10,Email Marketing,5313,99
2026-07-10,Email Marketing,5314,99
2026-07-10,Email Marketing,5315,99
2026-07-11,Google Ads,5316,99
2026-07-11,Google Ads,5317,199
2026-07-11,Google Ads,5318,199
2026-07-11,Google Ads,5319,99
2026-07-11,Google Ads,5320,99
2026-07-11,Google Ads,5321,99
2026-07-11,Google Ads,5322,99
2026-07-11,Google Ads,5323,199
2026-07-11,Google Ads,5324,999
2026-07-11,Google Ads,5325,99
2026-07-11,Google Ads,5326,199
2026-07-11,Google Ads,5327,99
2026-07-11,Google Ads,5328,199
2026-07-11,Google Ads,5329,99
2026-07-11,Meta Ads,5330,99
2026-07-11,Meta Ads,5331,199
2026-07-11,Meta Ads,5332,499
2026-07-11,Meta Ads,5333,499
2026-07-11,Meta Ads,5334,199
2026-07-11,Meta Ads,5335,199
2026-07-11,Meta Ads,5336,99
2026-07-11,LinkedIn Ads,5337,499
2026-07-11,LinkedIn Ads,5338,99
2026-07-11,LinkedIn Ads,5339,199
2026-07-11,Email Marketing,5340,99
2026-07-11,Email Marketing,5341,999
2026-07-11,Email Marketing,5342,99
2026-07-11,Email Marketing,5343,199
2026-07-11,Email Marketing,5344,199
2026-07-11,Email Marketing,5345,99
2026-07-11,Email Marketing,5346,499
2026-07-11,Email Marketing,5347,99
2026-07-11,Email Marketing,5348,99
2026-07-11,Email Marketing,5349,499
2026-07-11,Email Marketing,5350,199
2026-07-11,Email Marketing,5351,499
2026-07-11,Email Marketing,5352,99
2026-07-11,Email Marketing,5353,99
2026-07-11,Email Marketing,5354,499
2026-07-11,Email Marketing,5355,99
2026-07-11,Email Marketing,5356,499
2026-07-11,Email Marketing,5357,99
2026-07-11,Email Marketing,5358,199
2026-07-11,Email Marketing,5359,499
2026-07-11,Email Marketing,5360,199
2026-07-11,Email Marketing,5361,99
2026-07-11,Email Marketing,5362,499
2026-07-12,Google Ads,5363,99
2026-07-12,Google Ads,5364,499
2026-07-12,Google Ads,5365,99
2026-07-12,Google Ads,5366,99
2026-07-12,Google Ads,5367,99
2026-07-12,Google Ads,5368,499
2026-07-12,Google Ads,5369,499
2026-07-12,Google Ads,5370,499
2026-07-12,Google Ads,5371,99
2026-07-12,Google Ads,5372,999
2026-07-12,Google Ads,5373,999
2026-07-12,Google Ads,5374,99
2026-07-12,Google Ads,5375,99
2026-07-12,Google Ads,5376,499
2026-07-12,Google Ads,5377,499
2026-07-12,Google Ads,5378,999
2026-07-12,Google Ads,5379,499
2026-07-12,Meta Ads,5380,99
2026-07-12,Meta Ads,5381,99
2026-07-12,Meta Ads,5382,499
2026-07-12,Meta Ads,5383,99
2026-07-12,Meta Ads,5384,99
2026-07-12,Meta Ads,5385,499
2026-07-12,Meta Ads,5386,499
2026-07-12,Meta Ads,5387,199
2026-07-12,Meta Ads,5388,199
2026-07-12,Meta Ads,5389,199
2026-07-12,Meta Ads,5390,199
2026-07-12,Meta Ads,5391,199
2026-07-12,LinkedIn Ads,5392,999
2026-07-12,LinkedIn Ads,5393,99
2026-07-12,Email Marketing,5394,99
2026-07-12,Email Marketing,5395,199
2026-07-12,Email Marketing,5396,999
2026-07-12,Email Marketing,5397,499
2026-07-12,Email Marketing,5398,499
2026-07-12,Email Marketing,5399,999
2026-07-12,Email Marketing,5400,99
2026-07-12,Email Marketing,5401,99
2026-07-12,Email Marketing,5402,99
2026-07-12,Email Marketing,5403,499
2026-07-12,Email Marketing,5404,99
2026-07-12,Email Marketing,5405,199
2026-07-12,Email Marketing,5406,199
2026-07-12,Email Marketing,5407,99
2026-07-12,Email Marketing,5408,199
2026-07-12,Email Marketing,5409,99
2026-07-12,Email Marketing,5410,499
2026-07-12,Email Marketing,5411,199
2026-07-12,Email Marketing,5412,99
2026-07-12,Email Marketing,5413,199
2026-07-13,Google Ads,5414,199
2026-07-13,Google Ads,5415,199
2026-07-13,Google Ads,5416,199
2026-07-13,Google Ads,5417,199
2026-07-13,Google Ads,5418,199
2026-07-13,Google Ads,5419,199
2026-07-13,Google Ads,5420,99
2026-07-13,Google Ads,5421,99
2026-07-13,Google Ads,5422,199
2026-07-13,Google Ads,5423,99
2026-07-13,Google Ads,5424,199
2026-07-13,Google Ads,5425,199
2026-07-13,Google Ads,5426,99
2026-07-13,Google Ads,5427,99
2026-07-13,Meta Ads,5428,99
2026-07-13,Meta Ads,5429,199
2026-07-13,Meta Ads,5430,99
2026-07-13,Meta Ads,5431,499
2026-07-13,Meta Ads,5432,499
2026-07-13,Meta Ads,5433,99
2026-07-13,Meta Ads,5434,199
2026-07-13,Meta Ads,5435,199
2026-07-13,LinkedIn Ads,5436,499
2026-07-13,Email Marketing,5437,99
2026-07-13,Email Marketing,5438,99
2026-07-13,Email Marketing,5439,99
2026-07-13,Email Marketing,5440,99
2026-07-13,Email Marketing,5441,499
2026-07-13,Email Marketing,5442,199
2026-07-13,Email Marketing,5443,499
2026-07-13,Email Marketing,5444,99
2026-07-13,Email Marketing,5445,99
2026-07-13,Email Marketing,5446,99
2026-07-13,Email Marketing,5447,99
2026-07-13,Email Marketing,5448,499
2026-07-13,Email Marketing,5449,99
2026-07-13,Email Marketing,5450,99
2026-07-13,Email Marketing,5451,499
2026-07-13,Email Marketing,5452,99
2026-07-13,Email Marketing,5453,199
2026-07-14,Google Ads,5454,499
2026-07-14,Google Ads,5455,499
2026-07-14,Google Ads,5456,99
2026-07-14,Google Ads,5457,199
2026-07-14,Google Ads,5458,999
2026-07-14,Google Ads,5459,199
2026-07-14,Google Ads,5460,199
2026-07-14,Google Ads,5461,99
2026-07-14,Google Ads,5462,99
2026-07-14,Google Ads,5463,199
2026-07-14,Google Ads,5464,199
2026-07-14,Meta Ads,5465,99
2026-07-14,Meta Ads,5466,199
2026-07-14,Meta Ads,5467,499
2026-07-14,Meta Ads,5468,199
2026-07-14,Meta Ads,5469,499
2026-07-14,Meta Ads,5470,99
2026-07-14,Meta Ads,5471,99
2026-07-14,Meta Ads,5472,199
2026-07-14,Meta Ads,5473,199
2026-07-14,Meta Ads,5474,99
2026-07-14,Meta Ads,5475,99
2026-07-14,Meta Ads,5476,99
2026-07-14,LinkedIn Ads,5477,99
2026-07-14,LinkedIn Ads,5478,199
2026-07-14,Email Marketing,5479,499
2026-07-14,Email Marketing,5480,99
2026-07-14,Email Marketing,5481,99
2026-07-14,Email Marketing,5482,99
2026-07-14,Email Marketing,5483,999
2026-07-14,Email Marketing,5484,199
2026-07-14,Email Marketing,5485,199
2026-07-14,Email Marketing,5486,99
2026-07-14,Email Marketing,5487,99
2026-07-14,Email Marketing,5488,99
2026-07-14,Email Marketing,5489,499
2026-07-14,Email Marketing,5490,499
2026-07-14,Email Marketing,5491,99
2026-07-14,Email Marketing,5492,199
2026-07-14,Email Marketing,5493,199
2026-07-14,Email Marketing,5494,199
2026-07-14,Email Marketing,5495,199
2026-07-14,Email Marketing,5496,199
2026-07-15,Google Ads,5497,999
2026-07-15,Google Ads,5498,99
2026-07-15,Google Ads,5499,99
2026-07-15,Google Ads,5500,99
2026-07-15,Google Ads,5501,199
2026-07-15,Google Ads,5502,99
2026-07-15,Meta Ads,5503,99
2026-07-15,Meta Ads,5504,199
2026-07-15,Meta Ads,5505,499
2026-07-15,Meta Ads,5506,499
2026-07-15,Meta Ads,5507,999
2026-07-15,Meta Ads,5508,99
2026-07-15,Meta Ads,5509,99
2026-07-15,Meta Ads,5510,99
2026-07-15,Meta Ads,5511,99
2026-07-15,Meta Ads,5512,499
2026-07-15,Meta Ads,5513,199
2026-07-15,LinkedIn Ads,5514,499
2026-07-15,LinkedIn Ads,5515,199
2026-07-15,LinkedIn Ads,5516,199
2026-07-15,Email Marketing,5517,199
2026-07-15,Email Marketing,5518,99
2026-07-15,Email Marketing,5519,99
2026-07-15,Email Marketing,5520,99
2026-07-15,Email Marketing,5521,499
2026-07-15,Email Marketing,5522,99
2026-07-15,Email Marketing,5523,199
2026-07-15,Email Marketing,5524,99
2026-07-15,Email Marketing,5525,99
2026-07-15,Email Marketing,5526,99
2026-07-15,Email Marketing,5527,99
2026-07-15,Email Marketing,5528,199
2026-07-15,Email Marketing,5529,199
2026-07-15,Email Marketing,5530,99
2026-07-15,Email Marketing,5531,99
2026-07-16,Google Ads,5532,99
2026-07-16,Google Ads,5533,199
2026-07-16,Google Ads,5534,999
2026-07-16,Google Ads,5535,99
2026-07-16,Google Ads,5536,99
2026-07-16,Google Ads,5537,99
2026-07-16,Google Ads,5538,199
2026-07-16,Google Ads,5539,99
2026-07-16,Google Ads,5540,99
2026-07-16,Google Ads,5541,499
2026-07-16,Google Ads,5542,99
2026-07-16,Google Ads,5543,499
2026-07-16,Google Ads,5544,499
2026-07-16,Google Ads,5545,99
2026-07-16,Google Ads,5546,199
2026-07-16,Google Ads,5547,99
2026-07-16,Google Ads,5548,499
2026-07-16,Meta Ads,5549,199
2026-07-16,Meta Ads,5550,99
2026-07-16,Meta Ads,5551,99
2026-07-16,Meta Ads,5552,99
2026-07-16,Meta Ads,5553,99
2026-07-16,Meta Ads,5554,99
2026-07-16,Meta Ads,5555,99
2026-07-16,Meta Ads,5556,99
2026-07-16,Meta Ads,5557,99
2026-07-16,Meta Ads,5558,99
2026-07-16,LinkedIn Ads,5559,499
2026-07-16,LinkedIn Ads,5560,99
2026-07-16,LinkedIn Ads,5561,99
2026-07-16,LinkedIn Ads,5562,99
2026-07-16,Email Marketing,5563,199
2026-07-16,Email Marketing,5564,499
2026-07-16,Email Marketing,5565,99
2026-07-16,Email Marketing,5566,99
2026-07-16,Email Marketing,5567,199
2026-07-16,Email Marketing,5568,99
2026-07-16,Email Marketing,5569,499
2026-07-16,Email Marketing,5570,99
2026-07-16,Email Marketing,5571,99
2026-07-16,Email Marketing,5572,99
2026-07-16,Email Marketing,5573,499
2026-07-16,Email Marketing,5574,99
2026-07-17,Google Ads,5575,199
2026-07-17,Google Ads,5576,199
2026-07-17,Google Ads,5577,199
2026-07-17,Google Ads,5578,99
2026-07-17,Google Ads,5579,99
2026-07-17,Google Ads,5580,199
2026-07-17,Google Ads,5581,99
2026-07-17,Google Ads,5582,99
2026-07-17,Google Ads,5583,199
2026-07-17,Google Ads,5584,499
2026-07-17,Google Ads,5585,99
2026-07-17,Google Ads,5586,499
2026-07-17,Meta Ads,5587,499
2026-07-17,Meta Ads,5588,199
2026-07-17,Meta Ads,5589,99
2026-07-17,Meta Ads,5590,199
2026-07-17,Meta Ads,5591,99
2026-07-17,Meta Ads,5592,99
2026-07-17,Meta Ads,5593,99
2026-07-17,Meta Ads,5594,99
2026-07-17,Meta Ads,5595,99
2026-07-17,LinkedIn Ads,5596,99
2026-07-17,LinkedIn Ads,5597,199
2026-07-17,LinkedIn Ads,5598,99
2026-07-17,Email Marketing,5599,499
2026-07-17,Email Marketing,5600,99
2026-07-17,Email Marketing,5601,99
2026-07-17,Email Marketing,5602,99
2026-07-17,Email Marketing,5603,99
2026-07-17,Email Marketing,5604,199
2026-07-17,Email Marketing,5605,199
2026-07-17,Email Marketing,5606,99
2026-07-17,Email Marketing,5607,99
2026-07-17,Email Marketing,5608,99
2026-07-17,Email Marketing,5609,99
2026-07-17,Email Marketing,5610,99
2026-07-17,Email Marketing,5611,99
2026-07-17,Email Marketing,5612,99
2026-07-17,Email Marketing,5613,499
2026-07-17,Email Marketing,5614,499
2026-07-17,Email Marketing,5615,99
2026-07-17,Email Marketing,5616,199
2026-07-17,Email Marketing,5617,99
2026-07-17,Email Marketing,5618,99
2026-07-18,Google Ads,5619,99
2026-07-18,Google Ads,5620,99
2026-07-18,Google Ads,5621,199
2026-07-18,Google Ads,5622,99
2026-07-18,Google Ads,5623,199
2026-07-18,Google Ads,5624,499
2026-07-18,Google Ads,5625,99
2026-07-18,Google Ads,5626,499
2026-07-18,Google Ads,5627,199
2026-07-18,Google Ads,5628,199
2026-07-18,Google Ads,5629,99
2026-07-18,Meta Ads,5630,499
2026-07-18,Meta Ads,5631,199
2026-07-18,Meta Ads,5632,99
2026-07-18,Meta Ads,5633,499
2026-07-18,Meta Ads,5634,99
2026-07-18,Meta Ads,5635,999
2026-07-18,Meta Ads,5636,99
2026-07-18,Meta Ads,5637,199
2026-07-18,Meta Ads,5638,199
2026-07-18,LinkedIn Ads,5639,99
2026-07-18,LinkedIn Ads,5640,99
2026-07-18,LinkedIn Ads,5641,99
2026-07-18,LinkedIn Ads,5642,499
2026-07-18,LinkedIn Ads,5643,199
2026-07-18,Email Marketing,5644,199
2026-07-18,Email Marketing,5645,99
2026-07-18,Email Marketing,5646,499
2026-07-18,Email Marketing,5647,99
2026-07-18,Email Marketing,5648,199
2026-07-18,Email Marketing,5649,99
2026-07-18,Email Marketing,5650,199
2026-07-18,Email Marketing,5651,499
2026-07-18,Email Marketing,5652,199
2026-07-18,Email Marketing,5653,499
2026-07-18,Email Marketing,5654,499
2026-07-18,Email Marketing,5655,199
2026-07-18,Email Marketing,5656,199
2026-07-18,Email Marketing,5657,499
2026-07-18,Email Marketing,5658,199
2026-07-18,Email Marketing,5659,499
2026-07-18,Email Marketing,5660,499
2026-07-18,Email Marketing,5661,99
2026-07-18,Email Marketing,5662,99
2026-07-18,Email Marketing,5663,199
2026-07-18,Email Marketing,5664,499
2026-07-18,Email Marketing,5665,99
2026-07-18,Email Marketing,5666,199
2026-07-19,Google Ads,5667,199
2026-07-19,Google Ads,5668,199
2026-07-19,Google Ads,5669,199
2026-07-19,Google Ads,5670,199
2026-07-19,Meta Ads,5671,99
2026-07-19,Meta Ads,5672,99
2026-07-19,Meta Ads,5673,999
2026-07-19,Meta Ads,5674,499
2026-07-19,Meta Ads,5675,499
2026-07-19,Meta Ads,5676,99
2026-07-19,Meta Ads,5677,99
2026-07-19,Meta Ads,5678,199
2026-07-19,Meta Ads,5679,499
2026-07-19,Meta Ads,5680,99
2026-07-19,LinkedIn Ads,5681,99
2026-07-19,LinkedIn Ads,5682,499
2026-07-19,LinkedIn Ads,5683,999
2026-07-19,LinkedIn Ads,5684,99
2026-07-19,LinkedIn Ads,5685,99
2026-07-19,LinkedIn Ads,5686,99
2026-07-19,LinkedIn Ads,5687,199
2026-07-19,Email Marketing,5688,99
2026-07-19,Email Marketing,5689,99
2026-07-19,Email Marketing,5690,99
2026-07-19,Email Marketing,5691,99
2026-07-19,Email Marketing,5692,199
2026-07-19,Email Marketing,5693,99
2026-07-19,Email Marketing,5694,199
2026-07-19,Email Marketing,5695,199
2026-07-19,Email Marketing,5696,999
2026-07-19,Email Marketing,5697,99
2026-07-19,Email Marketing,5698,499
2026-07-19,Email Marketing,5699,99
2026-07-19,Email Marketing,5700,99
2026-07-19,Email Marketing,5701,99
2026-07-20,Google Ads,5702,199
2026-07-20,Google Ads,5703,99
2026-07-20,Google Ads,5704,99
2026-07-20,Google Ads,5705,99
2026-07-20,Google Ads,5706,199
2026-07-20,Google Ads,5707,99
2026-07-20,Google Ads,5708,199
2026-07-20,Google Ads,5709,99
2026-07-20,Meta Ads,5710,199
2026-07-20,Meta Ads,5711,199
2026-07-20,Meta Ads,5712,99
2026-07-20,Meta Ads,5713,99
2026-07-20,Meta Ads,5714,199
2026-07-20,Meta Ads,5715,99
2026-07-20,Meta Ads,5716,199
2026-07-20,Meta Ads,5717,99
2026-07-20,Meta Ads,5718,499
2026-07-20,Meta Ads,5719,99
2026-07-20,Meta Ads,5720,99
2026-07-20,Meta Ads,5721,499
2026-07-20,Meta Ads,5722,99
2026-07-20,LinkedIn Ads,5723,99
2026-07-20,LinkedIn Ads,5724,99
2026-07-20,LinkedIn Ads,5725,199
2026-07-20,LinkedIn Ads,5726,99
2026-07-20,LinkedIn Ads,5727,199
2026-07-20,LinkedIn Ads,5728,99
2026-07-20,LinkedIn Ads,5729,199
2026-07-20,LinkedIn Ads,5730,199
2026-07-20,Email Marketing,5731,99
2026-07-20,Email Marketing,5732,199
2026-07-20,Email Marketing,5733,99
2026-07-20,Email Marketing,5734,99
2026-07-20,Email Marketing,5735,99
2026-07-20,Email Marketing,5736,499
2026-07-20,Email Marketing,5737,199
2026-07-20,Email Marketing,5738,199
2026-07-20,Email Marketing,5739,99
2026-07-20,Email Marketing,5740,99
2026-07-20,Email Marketing,5741,99
2026-07-20,Email Marketing,5742,99
2026-07-20,Email Marketing,5743,99
2026-07-20,Email Marketing,5744,199
2026-07-21,Google Ads,5745,199
2026-07-21,Google Ads,5746,499
2026-07-21,Google Ads,5747,99
2026-07-21,Google Ads,5748,199
2026-07-21,Google Ads,5749,199
2026-07-21,Google Ads,5750,99
2026-07-21,Google Ads,5751,99
2026-07-21,Google Ads,5752,199
2026-07-21,Google Ads,5753,99
2026-07-21,Google Ads,5754,199
2026-07-21,Google Ads,5755,99
2026-07-21,Google Ads,5756,99
2026-07-21,Meta Ads,5757,199
2026-07-21,Meta Ads,5758,199
2026-07-21,Meta Ads,5759,199
2026-07-21,Meta Ads,5760,99
2026-07-21,Meta Ads,5761,499
2026-07-21,Meta Ads,5762,99
2026-07-21,Meta Ads,5763,199
2026-07-21,Meta Ads,5764,199
2026-07-21,Meta Ads,5765,99
2026-07-21,Meta Ads,5766,99
2026-07-21,Meta Ads,5767,199
2026-07-21,Meta Ads,5768,99
2026-07-21,Meta Ads,5769,99
2026-07-21,Email Marketing,5770,999
2026-07-21,Email Marketing,5771,999
2026-07-21,Email Marketing,5772,99
2026-07-21,Email Marketing,5773,99
2026-07-21,Email Marketing,5774,99
2026-07-21,Email Marketing,5775,99
2026-07-21,Email Marketing,5776,499
2026-07-21,Email Marketing,5777,99
2026-07-21,Email Marketing,5778,99
2026-07-21,Email Marketing,5779,199
2026-07-21,Email Marketing,5780,199
2026-07-21,Email Marketing,5781,199
2026-07-22,Google Ads,5782,99
2026-07-22,Google Ads,5783,199
2026-07-22,Google Ads,5784,499
2026-07-22,Google Ads,5785,499
2026-07-22,Google Ads,5786,199
2026-07-22,Google Ads,5787,199
2026-07-22,Google Ads,5788,99
2026-07-22,Google Ads,5789,99
2026-07-22,Google Ads,5790,199
2026-07-22,Google Ads,5791,199
2026-07-22,Google Ads,5792,99
2026-07-22,Google Ads,5793,99
2026-07-22,Google Ads,5794,99
2026-07-22,Google Ads,5795,499
2026-07-22,Google Ads,5796,199
2026-07-22,Google Ads,5797,199
2026-07-22,Meta Ads,5798,199
2026-07-22,Meta Ads,5799,999
2026-07-22,Meta Ads,5800,199
2026-07-22,Meta Ads,5801,99
2026-07-22,Meta Ads,5802,99
2026-07-22,LinkedIn Ads,5803,99
2026-07-22,LinkedIn Ads,5804,199
2026-07-22,LinkedIn Ads,5805,199
2026-07-22,LinkedIn Ads,5806,99
2026-07-22,LinkedIn Ads,5807,99
2026-07-22,LinkedIn Ads,5808,99
2026-07-22,LinkedIn Ads,5809,99
2026-07-22,Email Marketing,5810,199
2026-07-22,Email Marketing,5811,99
2026-07-22,Email Marketing,5812,99
2026-07-22,Email Marketing,5813,199
2026-07-22,Email Marketing,5814,199
2026-07-22,Email Marketing,5815,99
2026-07-22,Email Marketing,5816,99
2026-07-22,Email Marketing,5817,499
2026-07-22,Email Marketing,5818,99
2026-07-22,Email Marketing,5819,199
2026-07-22,Email Marketing,5820,99
2026-07-22,Email Marketing,5821,199
2026-07-22,Email Marketing,5822,499
2026-07-22,Email Marketing,5823,99
2026-07-22,Email Marketing,5824,99
2026-07-22,Email Marketing,5825,199
2026-07-22,Email Marketing,5826,199
2026-07-23,Google Ads,5827,99
2026-07-23,Google Ads,5828,499
2026-07-23,Google Ads,5829,199
2026-07-23,Google Ads,5830,99
2026-07-23,Google Ads,5831,199
2026-07-23,Google Ads,5832,99
2026-07-23,Google Ads,5833,199
2026-07-23,Google Ads,5834,99
2026-07-23,Google Ads,5835,499
2026-07-23,Google Ads,5836,99
2026-07-23,Google Ads,5837,99
2026-07-23,Google Ads,5838,99
2026-07-23,Meta Ads,5839,99
2026-07-23,Meta Ads,5840,99
2026-07-23,Meta Ads,5841,99
2026-07-23,Meta Ads,5842,99
2026-07-23,Meta Ads,5843,99
2026-07-23,Meta Ads,5844,99
2026-07-23,LinkedIn Ads,5845,199
2026-07-23,LinkedIn Ads,5846,99
2026-07-23,LinkedIn Ads,5847,99
2026-07-23,LinkedIn Ads,5848,99
2026-07-23,Email Marketing,5849,499
2026-07-23,Email Marketing,5850,999
2026-07-23,Email Marketing,5851,199
2026-07-23,Email Marketing,5852,199
2026-07-23,Email Marketing,5853,99
2026-07-23,Email Marketing,5854,199
2026-07-23,Email Marketing,5855,499
2026-07-23,Email Marketing,5856,99
2026-07-23,Email Marketing,5857,499
2026-07-23,Email Marketing,5858,99
2026-07-23,Email Marketing,5859,199
2026-07-24,Google Ads,5860,99
2026-07-24,Google Ads,5861,999
2026-07-24,Google Ads,5862,499
2026-07-24,Google Ads,5863,99
2026-07-24,Google Ads,5864,199
2026-07-24,Google Ads,5865,499
2026-07-24,Google Ads,5866,99
2026-07-24,Google Ads,5867,99
2026-07-24,Google Ads,5868,99
2026-07-24,Google Ads,5869,99
2026-07-24,Google Ads,5870,99
2026-07-24,Google Ads,5871,99
2026-07-24,Google Ads,5872,99
2026-07-24,Google Ads,5873,99
2026-07-24,Meta Ads,5874,99
2026-07-24,Meta Ads,5875,199
2026-07-24,Meta Ads,5876,499
2026-07-24,Meta Ads,5877,199
2026-07-24,Meta Ads,5878,99
2026-07-24,Meta Ads,5879,199
2026-07-24,Meta Ads,5880,199
2026-07-24,Meta Ads,5881,99
2026-07-24,Meta Ads,5882,999
2026-07-24,Meta Ads,5883,99
2026-07-24,LinkedIn Ads,5884,99
2026-07-24,LinkedIn Ads,5885,99
2026-07-24,LinkedIn Ads,5886,499
2026-07-24,LinkedIn Ads,5887,99
2026-07-24,Email Marketing,5888,999
2026-07-24,Email Marketing,5889,99
2026-07-24,Email Marketing,5890,99
2026-07-24,Email Marketing,5891,99
2026-07-24,Email Marketing,5892,499
2026-07-24,Email Marketing,5893,99
2026-07-24,Email Marketing,5894,199
2026-07-24,Email Marketing,5895,499
2026-07-24,Email Marketing,5896,99
2026-07-24,Email Marketing,5897,499
2026-07-24,Email Marketing,5898,99
2026-07-24,Email Marketing,5899,499
2026-07-24,Email Marketing,5900,99
2026-07-24,Email Marketing,5901,99
2026-07-24,Email Marketing,5902,99
2026-07-24,Email Marketing,5903,99
2026-07-24,Email Marketing,5904,99
2026-07-24,Email Marketing,5905,499
2026-07-24,Email Marketing,5906,99
2026-07-24,Email Marketing,5907,99
2026-07-24,Email Marketing,5908,99
2026-07-24,Email Marketing,5909,99
2026-07-24,Email Marketing,5910,499
2026-07-24,Email Marketing,5911,99
2026-07-24,Email Marketing,5912,99
2026-07-25,Google Ads,5913,199
2026-07-25,Google Ads,5914,99
2026-07-25,Google Ads,5915,99
2026-07-25,Google Ads,5916,99
2026-07-25,Google Ads,5917,499
2026-07-25,Google Ads,5918,499
2026-07-25,Google Ads,5919,199
2026-07-25,Google Ads,5920,199
2026-07-25,Google Ads,5921,99
2026-07-25,Google Ads,5922,999
2026-07-25,Google Ads,5923,199
2026-07-25,Google Ads,5924,99
2026-07-25,Google Ads,5925,199
2026-07-25,Google Ads,5926,99
2026-07-25,Meta Ads,5927,199
2026-07-25,Meta Ads,5928,99
2026-07-25,Meta Ads,5929,99
2026-07-25,Meta Ads,5930,499
2026-07-25,Meta Ads,5931,199
2026-07-25,Meta Ads,5932,199
2026-07-25,Meta Ads,5933,199
2026-07-25,Meta Ads,5934,499
2026-07-25,Meta Ads,5935,999
2026-07-25,Meta Ads,5936,199
2026-07-25,LinkedIn Ads,5937,499
2026-07-25,Email Marketing,5938,199
2026-07-25,Email Marketing,5939,99
2026-07-25,Email Marketing,5940,99
2026-07-25,Email Marketing,5941,99
2026-07-25,Email Marketing,5942,99
2026-07-25,Email Marketing,5943,99
2026-07-25,Email Marketing,5944,199
2026-07-25,Email Marketing,5945,199
2026-07-25,Email Marketing,5946,99
2026-07-25,Email Marketing,5947,99
2026-07-25,Email Marketing,5948,99
2026-07-25,Email Marketing,5949,99
2026-07-25,Email Marketing,5950,199
2026-07-25,Email Marketing,5951,199
2026-07-25,Email Marketing,5952,99
2026-07-26,Google Ads,5953,999
2026-07-26,Google Ads,5954,99
2026-07-26,Google Ads,5955,99
2026-07-26,Google Ads,5956,999
2026-07-26,Google Ads,5957,199
2026-07-26,Google Ads,5958,199
2026-07-26,Google Ads,5959,199
2026-07-26,Google Ads,5960,99
2026-07-26,Google Ads,5961,199
2026-07-26,Google Ads,5962,199
2026-07-26,Google Ads,5963,99
2026-07-26,Google Ads,5964,99
2026-07-26,Google Ads,5965,199
2026-07-26,Meta Ads,5966,199
2026-07-26,Meta Ads,5967,199
2026-07-26,Meta Ads,5968,99
2026-07-26,Meta Ads,5969,99
2026-07-26,Meta Ads,5970,99
2026-07-26,Meta Ads,5971,99
2026-07-26,Meta Ads,5972,499
2026-07-26,Meta Ads,5973,99
2026-07-26,LinkedIn Ads,5974,199
2026-07-26,LinkedIn Ads,5975,99
2026-07-26,Email Marketing,5976,199
2026-07-26,Email Marketing,5977,199
2026-07-26,Email Marketing,5978,99
2026-07-26,Email Marketing,5979,99
2026-07-26,Email Marketing,5980,199
2026-07-26,Email Marketing,5981,499
2026-07-26,Email Marketing,5982,499
2026-07-26,Email Marketing,5983,499
2026-07-26,Email Marketing,5984,99
2026-07-26,Email Marketing,5985,199
2026-07-26,Email Marketing,5986,199
2026-07-26,Email Marketing,5987,99
2026-07-26,Email Marketing,5988,199
2026-07-26,Email Marketing,5989,199
2026-07-26,Email Marketing,5990,99
2026-07-27,Google Ads,5991,99
2026-07-27,Google Ads,5992,199
2026-07-27,Google Ads,5993,199
2026-07-27,Google Ads,5994,199
2026-07-27,Google Ads,5995,199
2026-07-27,Google Ads,5996,99
2026-07-27,Google Ads,5997,99
2026-07-27,Google Ads,5998,99
2026-07-27,Google Ads,5999,199
2026-07-27,Google Ads,6000,199
2026-07-27,Google Ads,6001,99
2026-07-27,Google Ads,6002,99
2026-07-27,Google Ads,6003,99
2026-07-27,Google Ads,6004,199
2026-07-27,Google Ads,6005,99
2026-07-27,Meta Ads,6006,499
2026-07-27,Meta Ads,6007,99
2026-07-27,Meta Ads,6008,99
2026-07-27,Meta Ads,6009,199
2026-07-27,Meta Ads,6010,99
2026-07-27,Meta Ads,6011,499
2026-07-27,Meta Ads,6012,99
2026-07-27,Meta Ads,6013,199
2026-07-27,Meta Ads,6014,99
2026-07-27,LinkedIn Ads,6015,499
2026-07-27,LinkedIn Ads,6016,99
2026-07-27,LinkedIn Ads,6017,99
2026-07-27,Email Marketing,6018,199
2026-07-27,Email Marketing,6019,99
2026-07-27,Email Marketing,6020,99
2026-07-27,Email Marketing,6021,99
2026-07-27,Email Marketing,6022,199
2026-07-27,Email Marketing,6023,199
2026-07-27,Email Marketing,6024,99
2026-07-27,Email Marketing,6025,199
2026-07-27,Email Marketing,6026,199
2026-07-27,Email Marketing,6027,499
2026-07-27,Email Marketing,6028,199
2026-07-27,Email Marketing,6029,99
2026-07-27,Email Marketing,6030,199
2026-07-27,Email Marketing,6031,99
2026-07-27,Email Marketing,6032,499
2026-07-28,Google Ads,6033,99
2026-07-28,Google Ads,6034,99
2026-07-28,Google Ads,6035,99
2026-07-28,Google Ads,6036,999
2026-07-28,Google Ads,6037,99
2026-07-28,Google Ads,6038,99
2026-07-28,Google Ads,6039,199
2026-07-28,Google Ads,6040,199
2026-07-28,Google Ads,6041,99
2026-07-28,Google Ads,6042,199
2026-07-28,Google Ads,6043,99
2026-07-28,Google Ads,6044,99
2026-07-28,Google Ads,6045,99
2026-07-28,Google Ads,6046,999
2026-07-28,Meta Ads,6047,99
2026-07-28,Meta Ads,6048,99
2026-07-28,Meta Ads,6049,99
2026-07-28,Meta Ads,6050,199
2026-07-28,Meta Ads,6051,999
2026-07-28,Meta Ads,6052,199
2026-07-28,Meta Ads,6053,199
2026-07-28,Meta Ads,6054,99
2026-07-28,Meta Ads,6055,99
2026-07-28,Meta Ads,6056,99
2026-07-28,Meta Ads,6057,99
2026-07-28,Meta Ads,6058,999
2026-07-28,Meta Ads,6059,99
2026-07-28,Meta Ads,6060,499
2026-07-28,Meta Ads,6061,199
2026-07-28,LinkedIn Ads,6062,199
2026-07-28,LinkedIn Ads,6063,199
2026-07-28,LinkedIn Ads,6064,199
2026-07-28,LinkedIn Ads,6065,99
2026-07-28,LinkedIn Ads,6066,199
2026-07-28,Email Marketing,6067,99
2026-07-28,Email Marketing,6068,999
2026-07-28,Email Marketing,6069,199
2026-07-28,Email Marketing,6070,99
2026-07-28,Email Marketing,6071,99
2026-07-28,Email Marketing,6072,99
2026-07-28,Email Marketing,6073,199
2026-07-28,Email Marketing,6074,199
2026-07-28,Email Marketing,6075,99
2026-07-28,Email Marketing,6076,199
2026-07-28,Email Marketing,6077,99
2026-07-28,Email Marketing,6078,99
2026-07-28,Email Marketing,6079,99
2026-07-28,Email Marketing,6080,99
2026-07-29,Google Ads,6081,999
2026-07-29,Google Ads,6082,199
2026-07-29,Google Ads,6083,99
2026-07-29,Google Ads,6084,499
2026-07-29,Google Ads,6085,99
2026-07-29,Google Ads,6086,199
2026-07-29,Meta Ads,6087,99
2026-07-29,Meta Ads,6088,199
2026-07-29,Meta Ads,6089,99
2026-07-29,Meta Ads,6090,99
2026-07-29,Meta Ads,6091,99
2026-07-29,Meta Ads,6092,99
2026-07-29,Meta Ads,6093,99
2026-07-29,Meta Ads,6094,199
2026-07-29,Meta Ads,6095,199
2026-07-29,LinkedIn Ads,6096,99
2026-07-29,LinkedIn Ads,6097,99
2026-07-29,LinkedIn Ads,6098,199
2026-07-29,LinkedIn Ads,6099,99
2026-07-29,LinkedIn Ads,6100,199
2026-07-29,LinkedIn Ads,6101,99
2026-07-29,Email Marketing,6102,99
2026-07-29,Email Marketing,6103,199
2026-07-29,Email Marketing,6104,199
2026-07-29,Email Marketing,6105,99
2026-07-29,Email Marketing,6106,199
2026-07-29,Email Marketing,6107,199
2026-07-29,Email Marketing,6108,199
2026-07-29,Email Marketing,6109,99
2026-07-29,Email Marketing,6110,99
2026-07-30,Google Ads,6111,199
2026-07-30,Google Ads,6112,499
2026-07-30,Google Ads,6113,99
2026-07-30,Google Ads,6114,199
2026-07-30,Google Ads,6115,99
2026-07-30,Google Ads,6116,99
2026-07-30,Google Ads,6117,99
2026-07-30,Google Ads,6118,199
2026-07-30,Google Ads,6119,199
2026-07-30,Google Ads,6120,199
2026-07-30,Google Ads,6121,199
2026-07-30,Google Ads,6122,499
2026-07-30,Google Ads,6123,99
2026-07-30,Google Ads,6124,499
2026-07-30,Meta Ads,6125,99
2026-07-30,Meta Ads,6126,99
2026-07-30,Meta Ads,6127,199
2026-07-30,Meta Ads,6128,99
2026-07-30,Meta Ads,6129,99
2026-07-30,Meta Ads,6130,199
2026-07-30,Meta Ads,6131,199
2026-07-30,LinkedIn Ads,6132,199
2026-07-30,LinkedIn Ads,6133,99
2026-07-30,LinkedIn Ads,6134,199
2026-07-30,LinkedIn Ads,6135,99
2026-07-30,LinkedIn Ads,6136,99
2026-07-30,LinkedIn Ads,6137,99
2026-07-30,LinkedIn Ads,6138,99
2026-07-30,LinkedIn Ads,6139,199
2026-07-30,Email Marketing,6140,499
2026-07-30,Email Marketing,6141,199
2026-07-30,Email Marketing,6142,999
2026-07-30,Email Marketing,6143,199
2026-07-30,Email Marketing,6144,199
2026-07-30,Email Marketing,6145,99
2026-07-30,Email Marketing,6146,199
2026-07-30,Email Marketing,6147,199
2026-07-30,Email Marketing,6148,199
2026-07-30,Email Marketing,6149,99
2026-07-30,Email Marketing,6150,999
2026-07-30,Email Marketing,6151,199
2026-07-30,Email Marketing,6152,499
2026-07-30,Email Marketing,6153,199
2026-07-31,Google Ads,6154,199
2026-07-31,Google Ads,6155,199
2026-07-31,Google Ads,6156,99
2026-07-31,Google Ads,6157,99
2026-07-31,Google Ads,6158,199
2026-07-31,Google Ads,6159,499
2026-07-31,Google Ads,6160,199
2026-07-31,Google Ads,6161,199
2026-07-31,Google Ads,6162,999
2026-07-31,Google Ads,6163,99
2026-07-31,Google Ads,6164,99
2026-07-31,Google Ads,6165,99
2026-07-31,Google Ads,6166,99
2026-07-31,Google Ads,6167,199
2026-07-31,Google Ads,6168,199
2026-07-31,Google Ads,6169,99
2026-07-31,Google Ads,6170,199
2026-07-31,Google Ads,6171,99
2026-07-31,Google Ads,6172,499
2026-07-31,Google Ads,6173,499
2026-07-31,Meta Ads,6174,99
2026-07-31,Meta Ads,6175,199
2026-07-31,Meta Ads,6176,99
2026-07-31,Meta Ads,6177,99
2026-07-31,Meta Ads,6178,99
2026-07-31,Meta Ads,6179,99
2026-07-31,Meta Ads,6180,199
2026-07-31,Meta Ads,6181,199
2026-07-31,LinkedIn Ads,6182,99
2026-07-31,LinkedIn Ads,6183,199
2026-07-31,LinkedIn Ads,6184,499
2026-07-31,LinkedIn Ads,6185,999
2026-07-31,LinkedIn Ads,6186,99
2026-07-31,Email Marketing,6187,99
2026-07-31,Email Marketing,6188,99
2026-07-31,Email Marketing,6189,99
2026-07-31,Email Marketing,6190,99
2026-07-31,Email Marketing,6191,999
2026-07-31,Email Marketing,6192,99
2026-07-31,Email Marketing,6193,99
2026-07-31,Email Marketing,6194,499
2026-07-31,Email Marketing,6195,99
2026-07-31,Email Marketing,6196,99
2026-07-31,Email Marketing,6197,99
2026-07-31,Email Marketing,6198,99
2026-07-31,Email Marketing,6199,499
2026-07-31,Email Marketing,6200,199
2026-07-31,Email Marketing,6201,99
2026-07-31,Email Marketing,6202,99
2026-07-31,Email Marketing,6203,499
2026-07-31,Email Marketing,6204,99
2026-07-31,Email Marketing,6205,99
2026-07-31,Email Marketing,6206,499
2026-08-01,Google Ads,6207,199
2026-08-01,Google Ads,6208,199
2026-08-01,Google Ads,6209,199
2026-08-01,Google Ads,6210,99
2026-08-01,Google Ads,6211,199
2026-08-01,Google Ads,6212,99
2026-08-01,Google Ads,6213,199
2026-08-01,Google Ads,6214,99
2026-08-01,Google Ads,6215,99
2026-08-01,Meta Ads,6216,99
2026-08-01,Meta Ads,6217,99
2026-08-01,Meta Ads,6218,499
2026-08-01,Meta Ads,6219,99
2026-08-01,Meta Ads,6220,99
2026-08-01,Meta Ads,6221,99
2026-08-01,Meta Ads,6222,199
2026-08-01,Meta Ads,6223,199
2026-08-01,LinkedIn Ads,6224,99
2026-08-01,LinkedIn Ads,6225,99
2026-08-01,Email Marketing,6226,199
2026-08-01,Email Marketing,6227,99
2026-08-01,Email Marketing,6228,199
2026-08-01,Email Marketing,6229,99
2026-08-01,Email Marketing,6230,99
2026-08-01,Email Marketing,6231,199
2026-08-01,Email Marketing,6232,199
2026-08-01,Email Marketing,6233,99
2026-08-02,Google Ads,6234,199
2026-08-02,Google Ads,6235,99
2026-08-02,Google Ads,6236,99
2026-08-02,Google Ads,6237,199
2026-08-02,Google Ads,6238,99
2026-08-02,Google Ads,6239,99
2026-08-02,Google Ads,6240,99
2026-08-02,Google Ads,6241,199
2026-08-02,Meta Ads,6242,99
2026-08-02,Meta Ads,6243,499
2026-08-02,Meta Ads,6244,499
2026-08-02,Meta Ads,6245,99
2026-08-02,Meta Ads,6246,499
2026-08-02,Meta Ads,6247,499
2026-08-02,Meta Ads,6248,99
2026-08-02,Meta Ads,6249,99
2026-08-02,Meta Ads,6250,99
2026-08-02,Meta Ads,6251,99
2026-08-02,Meta Ads,6252,99
2026-08-02,LinkedIn Ads,6253,99
2026-08-02,LinkedIn Ads,6254,199
2026-08-02,LinkedIn Ads,6255,99
2026-08-02,LinkedIn Ads,6256,99
2026-08-02,LinkedIn Ads,6257,99
2026-08-02,Email Marketing,6258,199
2026-08-02,Email Marketing,6259,99
2026-08-02,Email Marketing,6260,99
2026-08-02,Email Marketing,6261,199
2026-08-02,Email Marketing,6262,99
2026-08-02,Email Marketing,6263,199
2026-08-02,Email Marketing,6264,99
2026-08-02,Email Marketing,6265,99
2026-08-02,Email Marketing,6266,199
2026-08-02,Email Marketing,6267,499
2026-08-02,Email Marketing,6268,99
2026-08-02,Email Marketing,6269,99
2026-08-02,Email Marketing,6270,499
2026-08-02,Email Marketing,6271,199
2026-08-03,Google Ads,6272,199
2026-08-03,Google Ads,6273,99
2026-08-03,Google Ads,6274,199
2026-08-03,Google Ads,6275,199
2026-08-03,Google Ads,6276,199
2026-08-03,Google Ads,6277,499
2026-08-03,Google Ads,6278,99
2026-08-03,Google Ads,6279,99
2026-08-03,Google Ads,6280,99
2026-08-03,Meta Ads,6281,199
2026-08-03,Meta Ads,6282,99
2026-08-03,Meta Ads,6283,499
2026-08-03,Meta Ads,6284,199
2026-08-03,Meta Ads,6285,99
2026-08-03,Meta Ads,6286,99
2026-08-03,Meta Ads,6287,99
2026-08-03,Meta Ads,6288,99
2026-08-03,Meta Ads,6289,499
2026-08-03,Meta Ads,6290,199
2026-08-03,Meta Ads,6291,99
2026-08-03,Meta Ads,6292,499
2026-08-03,Meta Ads,6293,99
2026-08-03,LinkedIn Ads,6294,199
2026-08-03,LinkedIn Ads,6295,499
2026-08-03,LinkedIn Ads,6296,99
2026-08-03,Email Marketing,6297,499
2026-08-03,Email Marketing,6298,99
2026-08-03,Email Marketing,6299,199
2026-08-03,Email Marketing,6300,99
2026-08-03,Email Marketing,6301,199
2026-08-03,Email Marketing,6302,199
2026-08-03,Email Marketing,6303,499
2026-08-03,Email Marketing,6304,199
2026-08-03,Email Marketing,6305,199
2026-08-03,Email Marketing,6306,999
2026-08-03,Email Marketing,6307,99
2026-08-04,Google Ads,6308,99
2026-08-04,Google Ads,6309,499
2026-08-04,Google Ads,6310,99
2026-08-04,Google Ads,6311,99
2026-08-04,Google Ads,6312,99
2026-08-04,Google Ads,6313,99
2026-08-04,Google Ads,6314,999
2026-08-04,Google Ads,6315,99
2026-08-04,Google Ads,6316,99
2026-08-04,Google Ads,6317,99
2026-08-04,Google Ads,6318,199
2026-08-04,Google Ads,6319,499
2026-08-04,Google Ads,6320,99
2026-08-04,Google Ads,6321,999
2026-08-04,Google Ads,6322,99
2026-08-04,Google Ads,6323,99
2026-08-04,Meta Ads,6324,199
2026-08-04,Meta Ads,6325,99
2026-08-04,Meta Ads,6326,999
2026-08-04,Meta Ads,6327,199
2026-08-04,Meta Ads,6328,499
2026-08-04,Meta Ads,6329,199
2026-08-04,Meta Ads,6330,199
2026-08-04,Meta Ads,6331,199
2026-08-04,Meta Ads,6332,99
2026-08-04,Meta Ads,6333,499
2026-08-04,Meta Ads,6334,99
2026-08-04,LinkedIn Ads,6335,99
2026-08-04,LinkedIn Ads,6336,199
2026-08-04,LinkedIn Ads,6337,199
2026-08-04,LinkedIn Ads,6338,199
2026-08-04,LinkedIn Ads,6339,99
2026-08-04,Email Marketing,6340,499
2026-08-04,Email Marketing,6341,199
2026-08-04,Email Marketing,6342,199
2026-08-04,Email Marketing,6343,199
2026-08-04,Email Marketing,6344,199
2026-08-04,Email Marketing,6345,499
2026-08-04,Email Marketing,6346,99
2026-08-04,Email Marketing,6347,99
2026-08-04,Email Marketing,6348,99
2026-08-04,Email Marketing,6349,99
2026-08-04,Email Marketing,6350,99
2026-08-04,Email Marketing,6351,199
2026-08-04,Email Marketing,6352,99
2026-08-04,Email Marketing,6353,99
2026-08-04,Email Marketing,6354,199
2026-08-05,Google Ads,6355,499
2026-08-05,Google Ads,6356,99
2026-08-05,Google Ads,6357,499
2026-08-05,Google Ads,6358,499
2026-08-05,Google Ads,6359,499
2026-08-05,Google Ads,6360,499
2026-08-05,Google Ads,6361,99
2026-08-05,Google Ads,6362,999
2026-08-05,Google Ads,6363,499
2026-08-05,Google Ads,6364,99
2026-08-05,Google Ads,6365,99
2026-08-05,Google Ads,6366,199
2026-08-05,Google Ads,6367,199
2026-08-05,Meta Ads,6368,999
2026-08-05,Meta Ads,6369,99
2026-08-05,Meta Ads,6370,499
2026-08-05,Meta Ads,6371,99
2026-08-05,Meta Ads,6372,99
2026-08-05,Meta Ads,6373,199
2026-08-05,Meta Ads,6374,199
2026-08-05,Meta Ads,6375,499
2026-08-05,Meta Ads,6376,99
2026-08-05,Meta Ads,6377,99
2026-08-05,Meta Ads,6378,99
2026-08-05,Meta Ads,6379,99
2026-08-05,Meta Ads,6380,199
2026-08-05,LinkedIn Ads,6381,99
2026-08-05,LinkedIn Ads,6382,499
2026-08-05,LinkedIn Ads,6383,199
2026-08-05,Email Marketing,6384,99
2026-08-05,Email Marketing,6385,199
2026-08-05,Email Marketing,6386,499
2026-08-05,Email Marketing,6387,199
2026-08-05,Email Marketing,6388,999
2026-08-05,Email Marketing,6389,199
2026-08-05,Email Marketing,6390,99
2026-08-05,Email Marketing,6391,499
2026-08-05,Email Marketing,6392,499
2026-08-05,Email Marketing,6393,199
2026-08-05,Email Marketing,6394,99
2026-08-05,Email Marketing,6395,99
2026-08-05,Email Marketing,6396,999
2026-08-05,Email Marketing,6397,99
2026-08-05,Email Marketing,6398,99
2026-08-05,Email Marketing,6399,499
2026-08-06,Google Ads,6400,99
2026-08-06,Google Ads,6401,99
2026-08-06,Google Ads,6402,199
2026-08-06,Google Ads,6403,99
2026-08-06,Google Ads,6404,199
2026-08-06,Google Ads,6405,499
2026-08-06,Google Ads,6406,99
2026-08-06,Google Ads,6407,99
2026-08-06,Google Ads,6408,499
2026-08-06,Google Ads,6409,99
2026-08-06,Google Ads,6410,199
2026-08-06,Google Ads,6411,99
2026-08-06,Google Ads,6412,99
2026-08-06,Google Ads,6413,199
2026-08-06,Meta Ads,6414,199
2026-08-06,Meta Ads,6415,99
2026-08-06,Meta Ads,6416,199
2026-08-06,Meta Ads,6417,99
2026-08-06,Meta Ads,6418,199
2026-08-06,Meta Ads,6419,199
2026-08-06,Meta Ads,6420,99
2026-08-06,LinkedIn Ads,6421,199
2026-08-06,LinkedIn Ads,6422,499
2026-08-06,LinkedIn Ads,6423,99
2026-08-06,Email Marketing,6424,199
2026-08-06,Email Marketing,6425,199
2026-08-06,Email Marketing,6426,99
2026-08-06,Email Marketing,6427,99
2026-08-06,Email Marketing,6428,99
2026-08-06,Email Marketing,6429,99
2026-08-06,Email Marketing,6430,999
2026-08-06,Email Marketing,6431,199
2026-08-06,Email Marketing,6432,199
2026-08-06,Email Marketing,6433,99
2026-08-06,Email Marketing,6434,99
2026-08-07,Google Ads,6435,199
2026-08-07,Google Ads,6436,499
2026-08-07,Google Ads,6437,199
2026-08-07,Google Ads,6438,499
2026-08-07,Google Ads,6439,99
2026-08-07,Google Ads,6440,99
2026-08-07,Google Ads,6441,199
2026-08-07,Google Ads,6442,999
2026-08-07,Google Ads,6443,199
2026-08-07,Google Ads,6444,99
2026-08-07,Google Ads,6445,199
2026-08-07,Google Ads,6446,99
2026-08-07,Google Ads,6447,99
2026-08-07,Google Ads,6448,199
2026-08-07,Meta Ads,6449,499
2026-08-07,Meta Ads,6450,99
2026-08-07,Meta Ads,6451,99
2026-08-07,Meta Ads,6452,99
2026-08-07,Meta Ads,6453,99
2026-08-07,LinkedIn Ads,6454,99
2026-08-07,LinkedIn Ads,6455,499
2026-08-07,LinkedIn Ads,6456,499
2026-08-07,Email Marketing,6457,499
2026-08-07,Email Marketing,6458,199
2026-08-07,Email Marketing,6459,999
2026-08-07,Email Marketing,6460,99
2026-08-07,Email Marketing,6461,199
2026-08-07,Email Marketing,6462,99
2026-08-07,Email Marketing,6463,199
2026-08-07,Email Marketing,6464,99
2026-08-07,Email Marketing,6465,199
2026-08-07,Email Marketing,6466,99
2026-08-07,Email Marketing,6467,99
2026-08-07,Email Marketing,6468,99
2026-08-07,Email Marketing,6469,499
2026-08-07,Email Marketing,6470,499
2026-08-08,Google Ads,6471,499
2026-08-08,Google Ads,6472,99
2026-08-08,Google Ads,6473,999
2026-08-08,Google Ads,6474,99
2026-08-08,Google Ads,6475,99
2026-08-08,Google Ads,6476,499
2026-08-08,Google Ads,6477,99
2026-08-08,Google Ads,6478,199
2026-08-08,Google Ads,6479,199
2026-08-08,Google Ads,6480,99
2026-08-08,Google Ads,6481,99
2026-08-08,Meta Ads,6482,499
2026-08-08,Meta Ads,6483,99
2026-08-08,Meta Ads,6484,199
2026-08-08,Meta Ads,6485,99
2026-08-08,Meta Ads,6486,199
2026-08-08,Meta Ads,6487,99
2026-08-08,Meta Ads,6488,199
2026-08-08,Meta Ads,6489,99
2026-08-08,Meta Ads,6490,199
2026-08-08,LinkedIn Ads,6491,199
2026-08-08,LinkedIn Ads,6492,99
2026-08-08,Email Marketing,6493,99
2026-08-08,Email Marketing,6494,499
2026-08-08,Email Marketing,6495,199
2026-08-08,Email Marketing,6496,99
2026-08-08,Email Marketing,6497,99
2026-08-08,Email Marketing,6498,199
2026-08-08,Email Marketing,6499,499
2026-08-08,Email Marketing,6500,99
2026-08-08,Email Marketing,6501,199
2026-08-08,Email Marketing,6502,999
2026-08-08,Email Marketing,6503,99
2026-08-08,Email Marketing,6504,99
2026-08-08,Email Marketing,6505,99
2026-08-08,Email Marketing,6506,499
2026-08-09,Google Ads,6507,99
2026-08-09,Google Ads,6508,99
2026-08-09,Google Ads,6509,499
2026-08-09,Google Ads,6510,199
2026-08-09,Google Ads,6511,99
2026-08-09,Google Ads,6512,199
2026-08-09,Google Ads,6513,199
2026-08-09,Google Ads,6514,499
2026-08-09,Google Ads,6515,99
2026-08-09,Google Ads,6516,99
2026-08-09,Google Ads,6517,99
2026-08-09,Google Ads,6518,199
2026-08-09,Google Ads,6519,99
2026-08-09,Google Ads,6520,499
2026-08-09,Google Ads,6521,199
2026-08-09,Meta Ads,6522,499
2026-08-09,Meta Ads,6523,99
2026-08-09,Meta Ads,6524,99
2026-08-09,Meta Ads,6525,499
2026-08-09,Meta Ads,6526,99
2026-08-09,LinkedIn Ads,6527,199
2026-08-09,LinkedIn Ads,6528,499
2026-08-09,LinkedIn Ads,6529,499
2026-08-09,LinkedIn Ads,6530,499
2026-08-09,Email Marketing,6531,199
2026-08-09,Email Marketing,6532,99
2026-08-09,Email Marketing,6533,99
2026-08-09,Email Marketing,6534,199
2026-08-09,Email Marketing,6535,99
2026-08-09,Email Marketing,6536,199
2026-08-09,Email Marketing,6537,99
2026-08-09,Email Marketing,6538,99
2026-08-09,Email Marketing,6539,99
2026-08-09,Email Marketing,6540,99
2026-08-09,Email Marketing,6541,199
2026-08-09,Email Marketing,6542,99
2026-08-09,Email Marketing,6543,499
2026-08-09,Email Marketing,6544,199
2026-08-09,Email Marketing,6545,99
2026-08-10,Google Ads,6546,499
2026-08-10,Google Ads,6547,99
2026-08-10,Google Ads,6548,99
2026-08-10,Google Ads,6549,499
2026-08-10,Google Ads,6550,499
2026-08-10,Google Ads,6551,199
2026-08-10,Google Ads,6552,99
2026-08-10,Google Ads,6553,199
2026-08-10,Google Ads,6554,199
2026-08-10,Google Ads,6555,99
2026-08-10,Google Ads,6556,199
2026-08-10,Google Ads,6557,499
2026-08-10,Meta Ads,6558,199
2026-08-10,Meta Ads,6559,99
2026-08-10,Meta Ads,6560,199
2026-08-10,Meta Ads,6561,99
2026-08-10,Meta Ads,6562,99
2026-08-10,Meta Ads,6563,99
2026-08-10,Meta Ads,6564,499
2026-08-10,Meta Ads,6565,199
2026-08-10,Meta Ads,6566,199
2026-08-10,LinkedIn Ads,6567,99
2026-08-10,LinkedIn Ads,6568,99
2026-08-10,LinkedIn Ads,6569,999
2026-08-10,LinkedIn Ads,6570,499
2026-08-10,LinkedIn Ads,6571,99
2026-08-10,LinkedIn Ads,6572,999
2026-08-10,LinkedIn Ads,6573,99
2026-08-10,LinkedIn Ads,6574,199
2026-08-10,Email Marketing,6575,99
2026-08-10,Email Marketing,6576,99
2026-08-10,Email Marketing,6577,99
2026-08-10,Email Marketing,6578,99
2026-08-10,Email Marketing,6579,99
2026-08-10,Email Marketing,6580,199
2026-08-10,Email Marketing,6581,99
2026-08-10,Email Marketing,6582,199
2026-08-10,Email Marketing,6583,499
2026-08-10,Email Marketing,6584,99
2026-08-10,Email Marketing,6585,199
2026-08-10,Email Marketing,6586,99
2026-08-11,Google Ads,6587,99
2026-08-11,Google Ads,6588,99
2026-08-11,Google Ads,6589,199
2026-08-11,Google Ads,6590,99
2026-08-11,Google Ads,6591,99
2026-08-11,Google Ads,6592,999
2026-08-11,Google Ads,6593,199
2026-08-11,Google Ads,6594,99
2026-08-11,Google Ads,6595,499
2026-08-11,Google Ads,6596,199
2026-08-11,Google Ads,6597,99
2026-08-11,Meta Ads,6598,99
2026-08-11,Meta Ads,6599,99
2026-08-11,Meta Ads,6600,199
2026-08-11,Meta Ads,6601,999
2026-08-11,Meta Ads,6602,99
2026-08-11,Meta Ads,6603,99
2026-08-11,Meta Ads,6604,99
2026-08-11,Meta Ads,6605,199
2026-08-11,LinkedIn Ads,6606,99
2026-08-11,LinkedIn Ads,6607,199
2026-08-11,LinkedIn Ads,6608,99
2026-08-11,LinkedIn Ads,6609,199
2026-08-11,LinkedIn Ads,6610,499
2026-08-11,Email Marketing,6611,99
2026-08-11,Email Marketing,6612,99
2026-08-11,Email Marketing,6613,99
2026-08-11,Email Marketing,6614,999
2026-08-11,Email Marketing,6615,199
2026-08-11,Email Marketing,6616,199
2026-08-11,Email Marketing,6617,99
2026-08-11,Email Marketing,6618,199
2026-08-11,Email Marketing,6619,199
2026-08-11,Email Marketing,6620,99
2026-08-11,Email Marketing,6621,99
2026-08-11,Email Marketing,6622,99
2026-08-11,Email Marketing,6623,99
2026-08-11,Email Marketing,6624,199
2026-08-11,Email Marketing,6625,99
2026-08-11,Email Marketing,6626,99
2026-08-11,Email Marketing,6627,999
2026-08-11,Email Marketing,6628,199
2026-08-12,Google Ads,6629,99
2026-08-12,Google Ads,6630,499
2026-08-12,Google Ads,6631,99
2026-08-12,Google Ads,6632,99
2026-08-12,Google Ads,6633,99
2026-08-12,Google Ads,6634,99
2026-08-12,Google Ads,6635,199
2026-08-12,Meta Ads,6636,99
2026-08-12,Meta Ads,6637,99
2026-08-12,Meta Ads,6638,199
2026-08-12,Meta Ads,6639,199
2026-08-12,LinkedIn Ads,6640,99
2026-08-12,LinkedIn Ads,6641,199
2026-08-12,LinkedIn Ads,6642,99
2026-08-12,LinkedIn Ads,6643,499
2026-08-12,Email Marketing,6644,199
2026-08-12,Email Marketing,6645,199
2026-08-12,Email Marketing,6646,199
2026-08-12,Email Marketing,6647,199
2026-08-12,Email Marketing,6648,199
2026-08-12,Email Marketing,6649,99
2026-08-12,Email Marketing,6650,99
2026-08-12,Email Marketing,6651,99
2026-08-12,Email Marketing,6652,99
2026-08-13,Google Ads,6653,199
2026-08-13,Google Ads,6654,99
2026-08-13,Google Ads,6655,99
2026-08-13,Google Ads,6656,199
2026-08-13,Google Ads,6657,199
2026-08-13,Google Ads,6658,99
2026-08-13,Google Ads,6659,99
2026-08-13,Google Ads,6660,999
2026-08-13,Google Ads,6661,99
2026-08-13,Google Ads,6662,99
2026-08-13,Google Ads,6663,199
2026-08-13,Google Ads,6664,99
2026-08-13,Meta Ads,6665,999
2026-08-13,Meta Ads,6666,99
2026-08-13,Meta Ads,6667,99
2026-08-13,Meta Ads,6668,99
2026-08-13,Meta Ads,6669,99
2026-08-13,LinkedIn Ads,6670,199
2026-08-13,LinkedIn Ads,6671,999
2026-08-13,LinkedIn Ads,6672,99
2026-08-13,LinkedIn Ads,6673,499
2026-08-13,Email Marketing,6674,199
2026-08-13,Email Marketing,6675,99
2026-08-13,Email Marketing,6676,199
2026-08-13,Email Marketing,6677,199
2026-08-13,Email Marketing,6678,99
2026-08-13,Email Marketing,6679,199
2026-08-13,Email Marketing,6680,999
2026-08-13,Email Marketing,6681,199
2026-08-13,Email Marketing,6682,499
2026-08-13,Email Marketing,6683,199
2026-08-13,Email Marketing,6684,499
2026-08-13,Email Marketing,6685,99
2026-08-13,Email Marketing,6686,99
2026-08-13,Email Marketing,6687,99
2026-08-13,Email Marketing,6688,499
2026-08-13,Email Marketing,6689,199
2026-08-13,Email Marketing,6690,99
2026-08-13,Email Marketing,6691,99
2026-08-14,Google Ads,6692,99
2026-08-14,Google Ads,6693,999
2026-08-14,Google Ads,6694,99
2026-08-14,Google Ads,6695,99
2026-08-14,Google Ads,6696,999
2026-08-14,Google Ads,6697,99
2026-08-14,Google Ads,6698,99
2026-08-14,Google Ads,6699,99
2026-08-14,Google Ads,6700,99
2026-08-14,Google Ads,6701,499
2026-08-14,Google Ads,6702,99
2026-08-14,Google Ads,6703,99
2026-08-14,Google Ads,6704,199
2026-08-14,Meta Ads,6705,199
2026-08-14,Meta Ads,6706,499
2026-08-14,Meta Ads,6707,99
2026-08-14,Meta Ads,6708,99
2026-08-14,Meta Ads,6709,199
2026-08-14,Meta Ads,6710,499
2026-08-14,Meta Ads,6711,499
2026-08-14,Meta Ads,6712,499
2026-08-14,LinkedIn Ads,6713,99
2026-08-14,Email Marketing,6714,499
2026-08-14,Email Marketing,6715,199
2026-08-14,Email Marketing,6716,199
2026-08-14,Email Marketing,6717,99
2026-08-14,Email Marketing,6718,199
2026-08-14,Email Marketing,6719,999
2026-08-14,Email Marketing,6720,99
2026-08-14,Email Marketing,6721,99
2026-08-14,Email Marketing,6722,99
2026-08-14,Email Marketing,6723,199
2026-08-14,Email Marketing,6724,199
2026-08-14,Email Marketing,6725,99
2026-08-14,Email Marketing,6726,199
2026-08-14,Email Marketing,6727,99
2026-08-14,Email Marketing,6728,99
2026-08-14,Email Marketing,6729,499
2026-08-14,Email Marketing,6730,499
2026-08-14,Email Marketing,6731,99
2026-08-14,Email Marketing,6732,99
2026-08-15,Google Ads,6733,199
2026-08-15,Google Ads,6734,199
2026-08-15,Google Ads,6735,99
2026-08-15,Google Ads,6736,99
2026-08-15,Google Ads,6737,199
2026-08-15,Google Ads,6738,99
2026-08-15,Google Ads,6739,999
2026-08-15,Google Ads,6740,999
2026-08-15,Google Ads,6741,199
2026-08-15,Google Ads,6742,99
2026-08-15,Google Ads,6743,99
2026-08-15,Meta Ads,6744,99
2026-08-15,Meta Ads,6745,199
2026-08-15,Meta Ads,6746,99
2026-08-15,Meta Ads,6747,99
2026-08-15,Meta Ads,6748,499
2026-08-15,Meta Ads,6749,99
2026-08-15,Meta Ads,6750,199
2026-08-15,Meta Ads,6751,99
2026-08-15,Meta Ads,6752,499
2026-08-15,Meta Ads,6753,99
2026-08-15,Meta Ads,6754,199
2026-08-15,Meta Ads,6755,99
2026-08-15,Meta Ads,6756,99
2026-08-15,Meta Ads,6757,199
2026-08-15,Meta Ads,6758,199
2026-08-15,LinkedIn Ads,6759,99
2026-08-15,LinkedIn Ads,6760,999
2026-08-15,Email Marketing,6761,499
2026-08-15,Email Marketing,6762,499
2026-08-15,Email Marketing,6763,99
2026-08-15,Email Marketing,6764,199
2026-08-15,Email Marketing,6765,199
2026-08-15,Email Marketing,6766,99
2026-08-15,Email Marketing,6767,499
2026-08-15,Email Marketing,6768,99
2026-08-15,Email Marketing,6769,99
2026-08-15,Email Marketing,6770,99
2026-08-15,Email Marketing,6771,99
2026-08-15,Email Marketing,6772,999
2026-08-15,Email Marketing,6773,199
2026-08-15,Email Marketing,6774,199
2026-08-15,Email Marketing,6775,99
2026-08-15,Email Marketing,6776,99
2026-08-16,Google Ads,6777,99
2026-08-16,Google Ads,6778,499
2026-08-16,Google Ads,6779,199
2026-08-16,Google Ads,6780,499
2026-08-16,Google Ads,6781,199
2026-08-16,Google Ads,6782,99
2026-08-16,Google Ads,6783,99
2026-08-16,Google Ads,6784,99
2026-08-16,Google Ads,6785,99
2026-08-16,Google Ads,6786,99
2026-08-16,Google Ads,6787,199
2026-08-16,Google Ads,6788,99
2026-08-16,Google Ads,6789,99
2026-08-16,Google Ads,6790,99
2026-08-16,Google Ads,6791,199
2026-08-16,Google Ads,6792,499
2026-08-16,Google Ads,6793,99
2026-08-16,Google Ads,6794,199
2026-08-16,Google Ads,6795,99
2026-08-16,Google Ads,6796,99
2026-08-16,Meta Ads,6797,999
2026-08-16,Meta Ads,6798,99
2026-08-16,Meta Ads,6799,99
2026-08-16,Meta Ads,6800,499
2026-08-16,Meta Ads,6801,499
2026-08-16,Meta Ads,6802,99
2026-08-16,Meta Ads,6803,199
2026-08-16,Meta Ads,6804,999
2026-08-16,Meta Ads,6805,199
2026-08-16,Meta Ads,6806,99
2026-08-16,Meta Ads,6807,99
2026-08-16,Meta Ads,6808,999
2026-08-16,LinkedIn Ads,6809,199
2026-08-16,LinkedIn Ads,6810,499
2026-08-16,LinkedIn Ads,6811,499
2026-08-16,Email Marketing,6812,99
2026-08-16,Email Marketing,6813,99
2026-08-16,Email Marketing,6814,199
2026-08-16,Email Marketing,6815,199
2026-08-16,Email Marketing,6816,99
2026-08-16,Email Marketing,6817,999
2026-08-16,Email Marketing,6818,199
2026-08-16,Email Marketing,6819,499
2026-08-16,Email Marketing,6820,499
2026-08-16,Email Marketing,6821,99
2026-08-16,Email Marketing,6822,99
2026-08-16,Email Marketing,6823,199
2026-08-16,Email Marketing,6824,199
2026-08-16,Email Marketing,6825,199
2026-08-16,Email Marketing,6826,499
2026-08-16,Email Marketing,6827,199
2026-08-16,Email Marketing,6828,199
2026-08-17,Google Ads,6829,199
2026-08-17,Google Ads,6830,99
2026-08-17,Google Ads,6831,199
2026-08-17,Google Ads,6832,999
2026-08-17,Google Ads,6833,499
2026-08-17,Google Ads,6834,999
2026-08-17,Google Ads,6835,499
2026-08-17,Meta Ads,6836,499
2026-08-17,Meta Ads,6837,99
2026-08-17,Meta Ads,6838,499
2026-08-17,Meta Ads,6839,99
2026-08-17,Meta Ads,6840,199
2026-08-17,Meta Ads,6841,99
2026-08-17,Meta Ads,6842,499
2026-08-17,LinkedIn Ads,6843,199
2026-08-17,LinkedIn Ads,6844,499
2026-08-17,LinkedIn Ads,6845,999
2026-08-17,LinkedIn Ads,6846,99
2026-08-17,LinkedIn Ads,6847,99
2026-08-17,LinkedIn Ads,6848,99
2026-08-17,LinkedIn Ads,6849,99
2026-08-17,Email Marketing,6850,199
2026-08-17,Email Marketing,6851,999
2026-08-17,Email Marketing,6852,999
2026-08-17,Email Marketing,6853,499
2026-08-17,Email Marketing,6854,99
2026-08-17,Email Marketing,6855,99
2026-08-17,Email Marketing,6856,99
2026-08-17,Email Marketing,6857,99
2026-08-17,Email Marketing,6858,499
2026-08-17,Email Marketing,6859,199
2026-08-17,Email Marketing,6860,199
2026-08-17,Email Marketing,6861,99
2026-08-17,Email Marketing,6862,499
2026-08-18,Google Ads,6863,499
2026-08-18,Google Ads,6864,99
2026-08-18,Google Ads,6865,99
2026-08-18,Google Ads,6866,499
2026-08-18,Google Ads,6867,499
2026-08-18,Google Ads,6868,499
2026-08-18,Google Ads,6869,499
2026-08-18,Google Ads,6870,499
2026-08-18,Google Ads,6871,99
2026-08-18,Google Ads,6872,999
2026-08-18,Google Ads,6873,199
2026-08-18,Google Ads,6874,99
2026-08-18,Google Ads,6875,99
2026-08-18,Meta Ads,6876,99
2026-08-18,Meta Ads,6877,999
2026-08-18,Meta Ads,6878,99
2026-08-18,Meta Ads,6879,499
2026-08-18,Meta Ads,6880,99
2026-08-18,Meta Ads,6881,999
2026-08-18,Meta Ads,6882,99
2026-08-18,Meta Ads,6883,499
2026-08-18,Meta Ads,6884,99
2026-08-18,Meta Ads,6885,199
2026-08-18,Meta Ads,6886,99
2026-08-18,Meta Ads,6887,99
2026-08-18,Meta Ads,6888,499
2026-08-18,Meta Ads,6889,99
2026-08-18,Meta Ads,6890,999
2026-08-18,Meta Ads,6891,199
2026-08-18,Meta Ads,6892,199
2026-08-18,LinkedIn Ads,6893,499
2026-08-18,LinkedIn Ads,6894,99
2026-08-18,LinkedIn Ads,6895,99
2026-08-18,LinkedIn Ads,6896,199
2026-08-18,Email Marketing,6897,99
2026-08-18,Email Marketing,6898,499
2026-08-18,Email Marketing,6899,99
2026-08-18,Email Marketing,6900,99
2026-08-18,Email Marketing,6901,199
2026-08-18,Email Marketing,6902,99
2026-08-18,Email Marketing,6903,499
2026-08-18,Email Marketing,6904,99
2026-08-18,Email Marketing,6905,99
2026-08-18,Email Marketing,6906,99
2026-08-18,Email Marketing,6907,99
2026-08-18,Email Marketing,6908,499
2026-08-18,Email Marketing,6909,199
2026-08-18,Email Marketing,6910,199
2026-08-18,Email Marketing,6911,99
2026-08-18,Email Marketing,6912,499
2026-08-18,Email Marketing,6913,99
2026-08-18,Email Marketing,6914,99
2026-08-19,Google Ads,6915,99
2026-08-19,Google Ads,6916,99
2026-08-19,Google Ads,6917,99
2026-08-19,Google Ads,6918,499
2026-08-19,Google Ads,6919,199
2026-08-19,Google Ads,6920,499
2026-08-19,Google Ads,6921,99
2026-08-19,Google Ads,6922,199
2026-08-19,Google Ads,6923,499
2026-08-19,Google Ads,6924,99
2026-08-19,Google Ads,6925,99
2026-08-19,Meta Ads,6926,499
2026-08-19,Meta Ads,6927,99
2026-08-19,Meta Ads,6928,99
2026-08-19,Meta Ads,6929,99
2026-08-19,Meta Ads,6930,99
2026-08-19,Meta Ads,6931,99
2026-08-19,Meta Ads,6932,99
2026-08-19,Meta Ads,6933,99
2026-08-19,Meta Ads,6934,499
2026-08-19,Meta Ads,6935,499
2026-08-19,LinkedIn Ads,6936,99
2026-08-19,LinkedIn Ads,6937,99
2026-08-19,LinkedIn Ads,6938,199
2026-08-19,LinkedIn Ads,6939,99
2026-08-19,LinkedIn Ads,6940,199
2026-08-19,Email Marketing,6941,99
2026-08-19,Email Marketing,6942,99
2026-08-19,Email Marketing,6943,499
2026-08-19,Email Marketing,6944,199
2026-08-19,Email Marketing,6945,99
2026-08-19,Email Marketing,6946,199
2026-08-20,Google Ads,6947,199
2026-08-20,Google Ads,6948,999
2026-08-20,Google Ads,6949,199
2026-08-20,Google Ads,6950,99
2026-08-20,Google Ads,6951,499
2026-08-20,Google Ads,6952,99
2026-08-20,Google Ads,6953,199
2026-08-20,Google Ads,6954,499
2026-08-20,Google Ads,6955,199
2026-08-20,Meta Ads,6956,99
2026-08-20,Meta Ads,6957,199
2026-08-20,Meta Ads,6958,99
2026-08-20,Meta Ads,6959,99
2026-08-20,Meta Ads,6960,199
2026-08-20,Meta Ads,6961,99
2026-08-20,Meta Ads,6962,199
2026-08-20,Meta Ads,6963,199
2026-08-20,Meta Ads,6964,199
2026-08-20,Meta Ads,6965,199
2026-08-20,Meta Ads,6966,199
2026-08-20,Meta Ads,6967,199
2026-08-20,Meta Ads,6968,99
2026-08-20,Meta Ads,6969,99
2026-08-20,LinkedIn Ads,6970,99
2026-08-20,LinkedIn Ads,6971,199
2026-08-20,LinkedIn Ads,6972,99
2026-08-20,Email Marketing,6973,499
2026-08-20,Email Marketing,6974,99
2026-08-20,Email Marketing,6975,199
2026-08-20,Email Marketing,6976,199
2026-08-20,Email Marketing,6977,99
2026-08-20,Email Marketing,6978,99
2026-08-20,Email Marketing,6979,199
2026-08-20,Email Marketing,6980,99
2026-08-20,Email Marketing,6981,99
2026-08-20,Email Marketing,6982,199
2026-08-20,Email Marketing,6983,99
2026-08-20,Email Marketing,6984,199
2026-08-21,Google Ads,6985,199
2026-08-21,Google Ads,6986,99
2026-08-21,Google Ads,6987,199
2026-08-21,Google Ads,6988,99
2026-08-21,Google Ads,6989,199
2026-08-21,Google Ads,6990,999
2026-08-21,Google Ads,6991,99
2026-08-21,Google Ads,6992,199
2026-08-21,Google Ads,6993,199
2026-08-21,Google Ads,6994,99
2026-08-21,Meta Ads,6995,99
2026-08-21,Meta Ads,6996,99
2026-08-21,Meta Ads,6997,199
2026-08-21,Meta Ads,6998,499
2026-08-21,Meta Ads,6999,99
2026-08-21,Meta Ads,7000,99
2026-08-21,Meta Ads,7001,499
2026-08-21,Meta Ads,7002,99
2026-08-21,Meta Ads,7003,199
2026-08-21,Meta Ads,7004,99
2026-08-21,LinkedIn Ads,7005,199
2026-08-21,LinkedIn Ads,7006,99
2026-08-21,LinkedIn Ads,7007,99
2026-08-21,LinkedIn Ads,7008,499
2026-08-21,Email Marketing,7009,99
2026-08-21,Email Marketing,7010,199
2026-08-21,Email Marketing,7011,99
2026-08-21,Email Marketing,7012,499
2026-08-21,Email Marketing,7013,199
2026-08-21,Email Marketing,7014,99
2026-08-21,Email Marketing,7015,99
2026-08-21,Email Marketing,7016,99
2026-08-21,Email Marketing,7017,199
2026-08-21,Email Marketing,7018,499
2026-08-21,Email Marketing,7019,199
2026-08-21,Email Marketing,7020,99
2026-08-21,Email Marketing,7021,99
2026-08-21,Email Marketing,7022,99
2026-08-21,Email Marketing,7023,99
2026-08-21,Email Marketing,7024,99
2026-08-21,Email Marketing,7025,199
2026-08-21,Email Marketing,7026,99
2026-08-21,Email Marketing,7027,99
2026-08-22,Google Ads,7028,199
2026-08-22,Google Ads,7029,99
2026-08-22,Google Ads,7030,99
2026-08-22,Google Ads,7031,99
2026-08-22,Google Ads,7032,99
2026-08-22,Google Ads,7033,99
2026-08-22,Google Ads,7034,499
2026-08-22,Google Ads,7035,99
2026-08-22,Google Ads,7036,199
2026-08-22,Google Ads,7037,99
2026-08-22,Google Ads,7038,99
2026-08-22,Meta Ads,7039,199
2026-08-22,Meta Ads,7040,99
2026-08-22,Meta Ads,7041,99
2026-08-22,Meta Ads,7042,99
2026-08-22,Meta Ads,7043,499
2026-08-22,Meta Ads,7044,499
2026-08-22,Meta Ads,7045,199
2026-08-22,Meta Ads,7046,99
2026-08-22,Meta Ads,7047,199
2026-08-22,Meta Ads,7048,199
2026-08-22,Meta Ads,7049,99
2026-08-22,LinkedIn Ads,7050,99
2026-08-22,LinkedIn Ads,7051,199
2026-08-22,LinkedIn Ads,7052,499
2026-08-22,Email Marketing,7053,99
2026-08-22,Email Marketing,7054,99
2026-08-22,Email Marketing,7055,99
2026-08-22,Email Marketing,7056,499
2026-08-22,Email Marketing,7057,99
2026-08-22,Email Marketing,7058,199
2026-08-22,Email Marketing,7059,199
2026-08-22,Email Marketing,7060,199
2026-08-22,Email Marketing,7061,199
2026-08-22,Email Marketing,7062,199
2026-08-22,Email Marketing,7063,99
2026-08-22,Email Marketing,7064,99
2026-08-22,Email Marketing,7065,99
2026-08-22,Email Marketing,7066,499
2026-08-22,Email Marketing,7067,99
2026-08-23,Google Ads,7068,499
2026-08-23,Google Ads,7069,999
2026-08-23,Google Ads,7070,199
2026-08-23,Google Ads,7071,99
2026-08-23,Google Ads,7072,99
2026-08-23,Google Ads,7073,99
2026-08-23,Google Ads,7074,499
2026-08-23,Google Ads,7075,199
2026-08-23,Google Ads,7076,199
2026-08-23,Google Ads,7077,199
2026-08-23,Google Ads,7078,99
2026-08-23,Google Ads,7079,99
2026-08-23,Google Ads,7080,99
2026-08-23,Google Ads,7081,199
2026-08-23,Google Ads,7082,199
2026-08-23,Google Ads,7083,99
2026-08-23,Google Ads,7084,99
2026-08-23,Meta Ads,7085,499
2026-08-23,Meta Ads,7086,199
2026-08-23,Meta Ads,7087,99
2026-08-23,Meta Ads,7088,499
2026-08-23,LinkedIn Ads,7089,99
2026-08-23,LinkedIn Ads,7090,99
2026-08-23,Email Marketing,7091,199
2026-08-23,Email Marketing,7092,499
2026-08-23,Email Marketing,7093,999
2026-08-23,Email Marketing,7094,99
2026-08-23,Email Marketing,7095,99
2026-08-23,Email Marketing,7096,99
2026-08-23,Email Marketing,7097,199
2026-08-23,Email Marketing,7098,199
2026-08-23,Email Marketing,7099,99
2026-08-23,Email Marketing,7100,99
2026-08-23,Email Marketing,7101,499
2026-08-23,Email Marketing,7102,199
2026-08-23,Email Marketing,7103,499
2026-08-24,Google Ads,7104,999
2026-08-24,Google Ads,7105,499
2026-08-24,Google Ads,7106,99
2026-08-24,Google Ads,7107,99
2026-08-24,Google Ads,7108,499
2026-08-24,Google Ads,7109,199
2026-08-24,Google Ads,7110,99
2026-08-24,Google Ads,7111,499
2026-08-24,Google Ads,7112,99
2026-08-24,Google Ads,7113,199
2026-08-24,Google Ads,7114,199
2026-08-24,Google Ads,7115,199
2026-08-24,Google Ads,7116,499
2026-08-24,Google Ads,7117,199
2026-08-24,Google Ads,7118,199
2026-08-24,Google Ads,7119,199
2026-08-24,Meta Ads,7120,199
2026-08-24,Meta Ads,7121,499
2026-08-24,Meta Ads,7122,199
2026-08-24,Meta Ads,7123,99
2026-08-24,Meta Ads,7124,499
2026-08-24,Meta Ads,7125,99
2026-08-24,Meta Ads,7126,99
2026-08-24,Meta Ads,7127,499
2026-08-24,Meta Ads,7128,199
2026-08-24,LinkedIn Ads,7129,99
2026-08-24,LinkedIn Ads,7130,99
2026-08-24,LinkedIn Ads,7131,99
2026-08-24,Email Marketing,7132,99
2026-08-24,Email Marketing,7133,99
2026-08-24,Email Marketing,7134,99
2026-08-24,Email Marketing,7135,99
2026-08-24,Email Marketing,7136,99
2026-08-24,Email Marketing,7137,199
2026-08-24,Email Marketing,7138,99
2026-08-24,Email Marketing,7139,499
2026-08-24,Email Marketing,7140,499
2026-08-24,Email Marketing,7141,999
2026-08-24,Email Marketing,7142,199
2026-08-24,Email Marketing,7143,99
2026-08-24,Email Marketing,7144,99
2026-08-24,Email Marketing,7145,499
2026-08-24,Email Marketing,7146,199
2026-08-24,Email Marketing,7147,99
2026-08-25,Google Ads,7148,99
2026-08-25,Google Ads,7149,99
2026-08-25,Google Ads,7150,99
2026-08-25,Google Ads,7151,99
2026-08-25,Google Ads,7152,499
2026-08-25,Google Ads,7153,99
2026-08-25,Google Ads,7154,99
2026-08-25,Google Ads,7155,99
2026-08-25,Google Ads,7156,99
2026-08-25,Google Ads,7157,499
2026-08-25,Meta Ads,7158,199
2026-08-25,Meta Ads,7159,199
2026-08-25,Meta Ads,7160,499
2026-08-25,Meta Ads,7161,499
2026-08-25,Meta Ads,7162,99
2026-08-25,Meta Ads,7163,99
2026-08-25,Meta Ads,7164,99
2026-08-25,Meta Ads,7165,199
2026-08-25,Meta Ads,7166,99
2026-08-25,Meta Ads,7167,99
2026-08-25,LinkedIn Ads,7168,499
2026-08-25,LinkedIn Ads,7169,99
2026-08-25,LinkedIn Ads,7170,199
2026-08-25,LinkedIn Ads,7171,99
2026-08-25,Email Marketing,7172,99
2026-08-25,Email Marketing,7173,499
2026-08-25,Email Marketing,7174,199
2026-08-25,Email Marketing,7175,99
2026-08-25,Email Marketing,7176,99
2026-08-25,Email Marketing,7177,99
2026-08-25,Email Marketing,7178,499
2026-08-25,Email Marketing,7179,199
2026-08-25,Email Marketing,7180,499
2026-08-25,Email Marketing,7181,199
2026-08-25,Email Marketing,7182,199
2026-08-26,Google Ads,7183,99
2026-08-26,Google Ads,7184,99
2026-08-26,Google Ads,7185,99
2026-08-26,Google Ads,7186,499
2026-08-26,Google Ads,7187,99
2026-08-26,Google Ads,7188,499
2026-08-26,Google Ads,7189,99
2026-08-26,Meta Ads,7190,999
2026-08-26,Meta Ads,7191,99
2026-08-26,Meta Ads,7192,199
2026-08-26,Meta Ads,7193,99
2026-08-26,Meta Ads,7194,99
2026-08-26,Meta Ads,7195,199
2026-08-26,Meta Ads,7196,199
2026-08-26,Meta Ads,7197,99
2026-08-26,Meta Ads,7198,499
2026-08-26,Meta Ads,7199,199
2026-08-26,Meta Ads,7200,99
2026-08-26,Meta Ads,7201,199
2026-08-26,Meta Ads,7202,499
2026-08-26,LinkedIn Ads,7203,199
2026-08-26,LinkedIn Ads,7204,99
2026-08-26,LinkedIn Ads,7205,99
2026-08-26,LinkedIn Ads,7206,499
2026-08-26,LinkedIn Ads,7207,99
2026-08-26,LinkedIn Ads,7208,199
2026-08-26,Email Marketing,7209,199
2026-08-26,Email Marketing,7210,199
2026-08-26,Email Marketing,7211,999
2026-08-26,Email Marketing,7212,99
2026-08-26,Email Marketing,7213,499
2026-08-26,Email Marketing,7214,99
2026-08-26,Email Marketing,7215,99
2026-08-26,Email Marketing,7216,99
2026-08-26,Email Marketing,7217,99
2026-08-26,Email Marketing,7218,99
2026-08-26,Email Marketing,7219,99
2026-08-26,Email Marketing,7220,199
2026-08-26,Email Marketing,7221,199
2026-08-27,Google Ads,7222,99
2026-08-27,Google Ads,7223,99
2026-08-27,Google Ads,7224,199
2026-08-27,Google Ads,7225,99
2026-08-27,Google Ads,7226,499
2026-08-27,Google Ads,7227,99
2026-08-27,Google Ads,7228,99
2026-08-27,Google Ads,7229,99
2026-08-27,Meta Ads,7230,499
2026-08-27,Meta Ads,7231,99
2026-08-27,Meta Ads,7232,199
2026-08-27,Meta Ads,7233,199
2026-08-27,Meta Ads,7234,199
2026-08-27,Meta Ads,7235,499
2026-08-27,Meta Ads,7236,499
2026-08-27,Meta Ads,7237,99
2026-08-27,LinkedIn Ads,7238,99
2026-08-27,LinkedIn Ads,7239,499
2026-08-27,LinkedIn Ads,7240,199
2026-08-27,LinkedIn Ads,7241,999
2026-08-27,Email Marketing,7242,99
2026-08-27,Email Marketing,7243,99
2026-08-27,Email Marketing,7244,99
2026-08-27,Email Marketing,7245,499
2026-08-27,Email Marketing,7246,499
2026-08-27,Email Marketing,7247,99
2026-08-27,Email Marketing,7248,99
2026-08-27,Email Marketing,7249,99
2026-08-27,Email Marketing,7250,499
2026-08-27,Email Marketing,7251,99
2026-08-27,Email Marketing,7252,199
2026-08-28,Google Ads,7253,99
2026-08-28,Google Ads,7254,99
2026-08-28,Google Ads,7255,199
2026-08-28,Google Ads,7256,99
2026-08-28,Google Ads,7257,999
2026-08-28,Google Ads,7258,99
2026-08-28,Google Ads,7259,499
2026-08-28,Google Ads,7260,199
2026-08-28,Google Ads,7261,99
2026-08-28,Google Ads,7262,99
2026-08-28,Google Ads,7263,99
2026-08-28,Google Ads,7264,99
2026-08-28,Google Ads,7265,499
2026-08-28,Meta Ads,7266,199
2026-08-28,Meta Ads,7267,99
2026-08-28,Meta Ads,7268,199
2026-08-28,Meta Ads,7269,999
2026-08-28,Meta Ads,7270,999
2026-08-28,LinkedIn Ads,7271,99
2026-08-28,LinkedIn Ads,7272,499
2026-08-28,LinkedIn Ads,7273,999
2026-08-28,LinkedIn Ads,7274,99
2026-08-28,Email Marketing,7275,99
2026-08-28,Email Marketing,7276,99
2026-08-28,Email Marketing,7277,499
2026-08-28,Email Marketing,7278,99
2026-08-28,Email Marketing,7279,499
2026-08-28,Email Marketing,7280,199
2026-08-28,Email Marketing,7281,999
2026-08-28,Email Marketing,7282,999
2026-08-28,Email Marketing,7283,999
2026-08-28,Email Marketing,7284,199
2026-08-28,Email Marketing,7285,199
2026-08-29,Google Ads,7286,199
2026-08-29,Google Ads,7287,199
2026-08-29,Google Ads,7288,499
2026-08-29,Google Ads,7289,199
2026-08-29,Google Ads,7290,99
2026-08-29,Google Ads,7291,99
2026-08-29,Google Ads,7292,99
2026-08-29,Google Ads,7293,499
2026-08-29,Google Ads,7294,199
2026-08-29,Google Ads,7295,499
2026-08-29,Google Ads,7296,199
2026-08-29,Google Ads,7297,99
2026-08-29,Google Ads,7298,99
2026-08-29,Google Ads,7299,99
2026-08-29,Google Ads,7300,99
2026-08-29,Google Ads,7301,499
2026-08-29,Meta Ads,7302,499
2026-08-29,Meta Ads,7303,199
2026-08-29,Meta Ads,7304,199
2026-08-29,Meta Ads,7305,99
2026-08-29,Meta Ads,7306,99
2026-08-29,Meta Ads,7307,99
2026-08-29,LinkedIn Ads,7308,99
2026-08-29,LinkedIn Ads,7309,199
2026-08-29,LinkedIn Ads,7310,499
2026-08-29,LinkedIn Ads,7311,499
2026-08-29,Email Marketing,7312,199
2026-08-29,Email Marketing,7313,199
2026-08-29,Email Marketing,7314,499
2026-08-29,Email Marketing,7315,199
2026-08-29,Email Marketing,7316,99
2026-08-29,Email Marketing,7317,99
2026-08-29,Email Marketing,7318,99
2026-08-29,Email Marketing,7319,199
2026-08-29,Email Marketing,7320,99
2026-08-30,Google Ads,7321,99
2026-08-30,Google Ads,7322,99
2026-08-30,Google Ads,7323,99
2026-08-30,Google Ads,7324,99
2026-08-30,Google Ads,7325,199
2026-08-30,Google Ads,7326,499
2026-08-30,Google Ads,7327,199
2026-08-30,Google Ads,7328,99
2026-08-30,Meta Ads,7329,99
2026-08-30,Meta Ads,7330,499
2026-08-30,Meta Ads,7331,199
2026-08-30,Meta Ads,7332,99
2026-08-30,Meta Ads,7333,99
2026-08-30,LinkedIn Ads,7334,99
2026-08-30,LinkedIn Ads,7335,99
2026-08-30,LinkedIn Ads,7336,99
2026-08-30,LinkedIn Ads,7337,99
2026-08-30,LinkedIn Ads,7338,99
2026-08-30,Email Marketing,7339,199
2026-08-30,Email Marketing,7340,99
2026-08-30,Email Marketing,7341,99
2026-08-30,Email Marketing,7342,99
2026-08-30,Email Marketing,7343,99
2026-08-30,Email Marketing,7344,199
2026-08-30,Email Marketing,7345,99
2026-08-30,Email Marketing,7346,199
2026-08-30,Email Marketing,7347,99
2026-08-30,Email Marketing,7348,199
2026-08-30,Email Marketing,7349,199
2026-08-31,Google Ads,7350,499
2026-08-31,Google Ads,7351,99
2026-08-31,Google Ads,7352,99
2026-08-31,Google Ads,7353,999
2026-08-31,Google Ads,7354,99
2026-08-31,Google Ads,7355,199
2026-08-31,Google Ads,7356,99
2026-08-31,Google Ads,7357,199
2026-08-31,Google Ads,7358,99
2026-08-31,Google Ads,7359,99
2026-08-31,Google Ads,7360,499
2026-08-31,Google Ads,7361,99
2026-08-31,Google Ads,7362,199
2026-08-31,Meta Ads,7363,99
2026-08-31,Meta Ads,7364,99
2026-08-31,Meta Ads,7365,199
2026-08-31,Meta Ads,7366,99
2026-08-31,Meta Ads,7367,99
2026-08-31,Meta Ads,7368,499
2026-08-31,Meta Ads,7369,199
2026-08-31,Meta Ads,7370,199
2026-08-31,LinkedIn Ads,7371,99
2026-08-31,LinkedIn Ads,7372,99
2026-08-31,Email Marketing,7373,99
2026-08-31,Email Marketing,7374,199
2026-08-31,Email Marketing,7375,99
2026-08-31,Email Marketing,7376,199
2026-08-31,Email Marketing,7377,499
2026-08-31,Email Marketing,7378,99
2026-08-31,Email Marketing,7379,199
2026-08-31,Email Marketing,7380,199
2026-08-31,Email Marketing,7381,99
2026-08-31,Email Marketing,7382,99
2026-08-31,Email Marketing,7383,199
2026-08-31,Email Marketing,7384,99
2026-08-31,Email Marketing,7385,199
2026-08-31,Email Marketing,7386,99
2026-09-01,Google Ads,7387,99
2026-09-01,Google Ads,7388,199
2026-09-01,Google Ads,7389,199
2026-09-01,Google Ads,7390,99
2026-09-01,Google Ads,7391,499
2026-09-01,Google Ads,7392,99
2026-09-01,Google Ads,7393,99
2026-09-01,Google Ads,7394,99
2026-09-01,Google Ads,7395,499
2026-09-01,Google Ads,7396,199
2026-09-01,Meta Ads,7397,99
2026-09-01,Meta Ads,7398,199
2026-09-01,Meta Ads,7399,99
2026-09-01,Meta Ads,7400,999
2026-09-01,Meta Ads,7401,99
2026-09-01,Meta Ads,7402,99
2026-09-01,Meta Ads,7403,99
2026-09-01,Meta Ads,7404,999
2026-09-01,Meta Ads,7405,99
2026-09-01,Meta Ads,7406,499
2026-09-01,LinkedIn Ads,7407,199
2026-09-01,LinkedIn Ads,7408,99
2026-09-01,LinkedIn Ads,7409,99
2026-09-01,LinkedIn Ads,7410,99
2026-09-01,LinkedIn Ads,7411,999
2026-09-01,Email Marketing,7412,499
2026-09-01,Email Marketing,7413,99
2026-09-01,Email Marketing,7414,99
2026-09-01,Email Marketing,7415,99
2026-09-01,Email Marketing,7416,999
2026-09-01,Email Marketing,7417,99
2026-09-01,Email Marketing,7418,99
2026-09-01,Email Marketing,7419,99
2026-09-01,Email Marketing,7420,99
2026-09-01,Email Marketing,7421,199
2026-09-02,Google Ads,7422,99
2026-09-02,Google Ads,7423,199
2026-09-02,Google Ads,7424,199
2026-09-02,Google Ads,7425,99
2026-09-02,Google Ads,7426,99
2026-09-02,Google Ads,7427,99
2026-09-02,Google Ads,7428,99
2026-09-02,Meta Ads,7429,99
2026-09-02,Meta Ads,7430,99
2026-09-02,Meta Ads,7431,199
2026-09-02,Meta Ads,7432,99
2026-09-02,Meta Ads,7433,99
2026-09-02,Meta Ads,7434,99
2026-09-02,Meta Ads,7435,199
2026-09-02,Meta Ads,7436,99
2026-09-02,LinkedIn Ads,7437,99
2026-09-02,LinkedIn Ads,7438,499
2026-09-02,LinkedIn Ads,7439,99
2026-09-02,LinkedIn Ads,7440,99
2026-09-02,LinkedIn Ads,7441,199
2026-09-02,LinkedIn Ads,7442,99
2026-09-02,LinkedIn Ads,7443,99
2026-09-02,LinkedIn Ads,7444,99
2026-09-02,Email Marketing,7445,199
2026-09-02,Email Marketing,7446,99
2026-09-02,Email Marketing,7447,199
2026-09-02,Email Marketing,7448,199
2026-09-02,Email Marketing,7449,99
2026-09-02,Email Marketing,7450,99
2026-09-02,Email Marketing,7451,499
2026-09-02,Email Marketing,7452,199
2026-09-02,Email Marketing,7453,199
2026-09-02,Email Marketing,7454,99
2026-09-02,Email Marketing,7455,99
2026-09-02,Email Marketing,7456,199
2026-09-02,Email Marketing,7457,99
2026-09-02,Email Marketing,7458,99
2026-09-02,Email Marketing,7459,99
2026-09-02,Email Marketing,7460,99
2026-09-02,Email Marketing,7461,199
2026-09-02,Email Marketing,7462,199
2026-09-02,Email Marketing,7463,99
2026-09-03,Google Ads,7464,999
2026-09-03,Google Ads,7465,199
2026-09-03,Google Ads,7466,499
2026-09-03,Google Ads,7467,99
2026-09-03,Google Ads,7468,99
2026-09-03,Google Ads,7469,199
2026-09-03,Google Ads,7470,199
2026-09-03,Google Ads,7471,99
2026-09-03,Google Ads,7472,99
2026-09-03,Google Ads,7473,499
2026-09-03,Google Ads,7474,499
2026-09-03,Google Ads,7475,99
2026-09-03,Google Ads,7476,99
2026-09-03,Google Ads,7477,199
2026-09-03,Google Ads,7478,499
2026-09-03,Google Ads,7479,199
2026-09-03,Meta Ads,7480,199
2026-09-03,Meta Ads,7481,99
2026-09-03,Meta Ads,7482,99
2026-09-03,Meta Ads,7483,99
2026-09-03,Meta Ads,7484,199
2026-09-03,Meta Ads,7485,999
2026-09-03,Meta Ads,7486,499
2026-09-03,Meta Ads,7487,499
2026-09-03,LinkedIn Ads,7488,499
2026-09-03,LinkedIn Ads,7489,199
2026-09-03,LinkedIn Ads,7490,99
2026-09-03,Email Marketing,7491,99
2026-09-03,Email Marketing,7492,999
2026-09-03,Email Marketing,7493,99
2026-09-03,Email Marketing,7494,99
2026-09-03,Email Marketing,7495,999
2026-09-03,Email Marketing,7496,99
2026-09-03,Email Marketing,7497,99
2026-09-03,Email Marketing,7498,199
2026-09-03,Email Marketing,7499,99
2026-09-03,Email Marketing,7500,99
2026-09-03,Email Marketing,7501,99
2026-09-03,Email Marketing,7502,199
2026-09-03,Email Marketing,7503,99
2026-09-03,Email Marketing,7504,99
2026-09-03,Email Marketing,7505,99
2026-09-03,Email Marketing,7506,499
2026-09-03,Email Marketing,7507,99
2026-09-04,Google Ads,7508,99
2026-09-04,Google Ads,7509,499
2026-09-04,Google Ads,7510,99
2026-09-04,Google Ads,7511,499
2026-09-04,Google Ads,7512,99
2026-09-04,Google Ads,7513,199
2026-09-04,Google Ads,7514,199
2026-09-04,Google Ads,7515,199
2026-09-04,Google Ads,7516,199
2026-09-04,Google Ads,7517,99
2026-09-04,Meta Ads,7518,99
2026-09-04,Meta Ads,7519,199
2026-09-04,Meta Ads,7520,199
2026-09-04,Meta Ads,7521,99
2026-09-04,Meta Ads,7522,199
2026-09-04,Meta Ads,7523,199
2026-09-04,LinkedIn Ads,7524,99
2026-09-04,LinkedIn Ads,7525,199
2026-09-04,LinkedIn Ads,7526,99
2026-09-04,Email Marketing,7527,99
2026-09-04,Email Marketing,7528,99
2026-09-04,Email Marketing,7529,199
2026-09-04,Email Marketing,7530,199
2026-09-04,Email Marketing,7531,499
2026-09-04,Email Marketing,7532,199
2026-09-04,Email Marketing,7533,99
2026-09-04,Email Marketing,7534,199
2026-09-04,Email Marketing,7535,99
2026-09-04,Email Marketing,7536,199
2026-09-04,Email Marketing,7537,99
2026-09-04,Email Marketing,7538,199
2026-09-04,Email Marketing,7539,99
2026-09-04,Email Marketing,7540,499
2026-09-04,Email Marketing,7541,99
2026-09-04,Email Marketing,7542,199
2026-09-04,Email Marketing,7543,99
2026-09-04,Email Marketing,7544,199
2026-09-04,Email Marketing,7545,499
2026-09-04,Email Marketing,7546,99
2026-09-05,Google Ads,7547,199
2026-09-05,Google Ads,7548,99
2026-09-05,Google Ads,7549,999
2026-09-05,Google Ads,7550,199
2026-09-05,Google Ads,7551,199
2026-09-05,Google Ads,7552,499
2026-09-05,Google Ads,7553,199
2026-09-05,Google Ads,7554,199
2026-09-05,Google Ads,7555,199
2026-09-05,Google Ads,7556,199
2026-09-05,Google Ads,7557,99
2026-09-05,Google Ads,7558,199
2026-09-05,Meta Ads,7559,99
2026-09-05,Meta Ads,7560,199
2026-09-05,Meta Ads,7561,99
2026-09-05,Meta Ads,7562,99
2026-09-05,Meta Ads,7563,499
2026-09-05,Meta Ads,7564,199
2026-09-05,Meta Ads,7565,499
2026-09-05,Meta Ads,7566,99
2026-09-05,Meta Ads,7567,99
2026-09-05,LinkedIn Ads,7568,199
2026-09-05,LinkedIn Ads,7569,199
2026-09-05,LinkedIn Ads,7570,199
2026-09-05,LinkedIn Ads,7571,99
2026-09-05,Email Marketing,7572,99
2026-09-05,Email Marketing,7573,99
2026-09-05,Email Marketing,7574,199
2026-09-05,Email Marketing,7575,99
2026-09-05,Email Marketing,7576,199
2026-09-05,Email Marketing,7577,99
2026-09-05,Email Marketing,7578,499
2026-09-05,Email Marketing,7579,199
2026-09-05,Email Marketing,7580,999
2026-09-05,Email Marketing,7581,199
2026-09-05,Email Marketing,7582,199
2026-09-05,Email Marketing,7583,499
2026-09-06,Google Ads,7584,99
2026-09-06,Google Ads,7585,199
2026-09-06,Google Ads,7586,99
2026-09-06,Google Ads,7587,999
2026-09-06,Google Ads,7588,199
2026-09-06,Google Ads,7589,99
2026-09-06,Google Ads,7590,999
2026-09-06,Google Ads,7591,499
2026-09-06,Google Ads,7592,199
2026-09-06,Google Ads,7593,99
2026-09-06,Google Ads,7594,499
2026-09-06,Google Ads,7595,199
2026-09-06,Google Ads,7596,199
2026-09-06,Google Ads,7597,499
2026-09-06,Google Ads,7598,199
2026-09-06,Meta Ads,7599,99
2026-09-06,Meta Ads,7600,199
2026-09-06,LinkedIn Ads,7601,99
2026-09-06,LinkedIn Ads,7602,499
2026-09-06,Email Marketing,7603,99
2026-09-06,Email Marketing,7604,199
2026-09-06,Email Marketing,7605,99
2026-09-06,Email Marketing,7606,199
2026-09-06,Email Marketing,7607,99
2026-09-06,Email Marketing,7608,199
2026-09-06,Email Marketing,7609,199
2026-09-06,Email Marketing,7610,199
2026-09-06,Email Marketing,7611,99
2026-09-06,Email Marketing,7612,499
2026-09-07,Google Ads,7613,499
2026-09-07,Google Ads,7614,499
2026-09-07,Google Ads,7615,199
2026-09-07,Google Ads,7616,99
2026-09-07,Google Ads,7617,99
2026-09-07,Google Ads,7618,99
2026-09-07,Google Ads,7619,99
2026-09-07,Google Ads,7620,199
2026-09-07,Google Ads,7621,199
2026-09-07,Google Ads,7622,99
2026-09-07,Google Ads,7623,199
2026-09-07,Google Ads,7624,99
2026-09-07,Google Ads,7625,199
2026-09-07,Google Ads,7626,499
2026-09-07,Google Ads,7627,199
2026-09-07,Meta Ads,7628,99
2026-09-07,Meta Ads,7629,199
2026-09-07,Meta Ads,7630,99
2026-09-07,Meta Ads,7631,199
2026-09-07,Meta Ads,7632,99
2026-09-07,Meta Ads,7633,99
2026-09-07,Meta Ads,7634,199
2026-09-07,Meta Ads,7635,499
2026-09-07,Meta Ads,7636,99
2026-09-07,Meta Ads,7637,99
2026-09-07,Meta Ads,7638,99
2026-09-07,Meta Ads,7639,199
2026-09-07,LinkedIn Ads,7640,199
2026-09-07,LinkedIn Ads,7641,199
2026-09-07,LinkedIn Ads,7642,199
2026-09-07,LinkedIn Ads,7643,199
2026-09-07,Email Marketing,7644,99
2026-09-07,Email Marketing,7645,499
2026-09-07,Email Marketing,7646,199
2026-09-07,Email Marketing,7647,499
2026-09-07,Email Marketing,7648,199
2026-09-07,Email Marketing,7649,99
2026-09-07,Email Marketing,7650,99
2026-09-07,Email Marketing,7651,99
2026-09-07,Email Marketing,7652,199
2026-09-07,Email Marketing,7653,499
2026-09-07,Email Marketing,7654,99
2026-09-07,Email Marketing,7655,99
2026-09-07,Email Marketing,7656,99
2026-09-07,Email Marketing,7657,499
2026-09-07,Email Marketing,7658,499
2026-09-07,Email Marketing,7659,999
2026-09-07,Email Marketing,7660,99
2026-09-07,Email Marketing,7661,499
2026-09-07,Email Marketing,7662,99
2026-09-07,Email Marketing,7663,99
2026-09-08,Google Ads,7664,199
2026-09-08,Google Ads,7665,199
2026-09-08,Google Ads,7666,199
2026-09-08,Google Ads,7667,99
2026-09-08,Google Ads,7668,199
2026-09-08,Google Ads,7669,199
2026-09-08,Google Ads,7670,499
2026-09-08,Google Ads,7671,999
2026-09-08,Google Ads,7672,99
2026-09-08,Google Ads,7673,99
2026-09-08,Google Ads,7674,99
2026-09-08,Google Ads,7675,199
2026-09-08,Google Ads,7676,99
2026-09-08,Google Ads,7677,499
2026-09-08,Google Ads,7678,499
2026-09-08,Meta Ads,7679,99
2026-09-08,Meta Ads,7680,99
2026-09-08,Meta Ads,7681,99
2026-09-08,Meta Ads,7682,99
2026-09-08,Meta Ads,7683,99
2026-09-08,Meta Ads,7684,199
2026-09-08,Meta Ads,7685,499
2026-09-08,Meta Ads,7686,199
2026-09-08,Meta Ads,7687,499
2026-09-08,Meta Ads,7688,199
2026-09-08,Meta Ads,7689,99
2026-09-08,Meta Ads,7690,99
2026-09-08,Meta Ads,7691,199
2026-09-08,Meta Ads,7692,999
2026-09-08,LinkedIn Ads,7693,199
2026-09-08,LinkedIn Ads,7694,499
2026-09-08,LinkedIn Ads,7695,99
2026-09-08,LinkedIn Ads,7696,99
2026-09-08,LinkedIn Ads,7697,499
2026-09-08,LinkedIn Ads,7698,499
2026-09-08,LinkedIn Ads,7699,99
2026-09-08,LinkedIn Ads,7700,99
2026-09-08,Email Marketing,7701,99
2026-09-08,Email Marketing,7702,99
2026-09-08,Email Marketing,7703,99
2026-09-08,Email Marketing,7704,99
2026-09-08,Email Marketing,7705,99
2026-09-08,Email Marketing,7706,199
2026-09-08,Email Marketing,7707,499
2026-09-08,Email Marketing,7708,499
2026-09-08,Email Marketing,7709,99
2026-09-08,Email Marketing,7710,199
2026-09-08,Email Marketing,7711,199
2026-09-08,Email Marketing,7712,999
2026-09-08,Email Marketing,7713,99
2026-09-08,Email Marketing,7714,99
2026-09-08,Email Marketing,7715,99
2026-09-08,Email Marketing,7716,99
2026-09-08,Email Marketing,7717,99
2026-09-09,Google Ads,7718,999
2026-09-09,Google Ads,7719,199
2026-09-09,Google Ads,7720,99
2026-09-09,Google Ads,7721,499
2026-09-09,Google Ads,7722,199
2026-09-09,Google Ads,7723,99
2026-09-09,Google Ads,7724,199
2026-09-09,Google Ads,7725,199
2026-09-09,Google Ads,7726,999
2026-09-09,Google Ads,7727,99
2026-09-09,Google Ads,7728,99
2026-09-09,Google Ads,7729,99
2026-09-09,Meta Ads,7730,99
2026-09-09,Meta Ads,7731,99
2026-09-09,LinkedIn Ads,7732,199
2026-09-09,LinkedIn Ads,7733,99
2026-09-09,LinkedIn Ads,7734,499
2026-09-09,LinkedIn Ads,7735,499
2026-09-09,LinkedIn Ads,7736,99
2026-09-09,Email Marketing,7737,199
2026-09-09,Email Marketing,7738,199
2026-09-09,Email Marketing,7739,99
2026-09-09,Email Marketing,7740,99
2026-09-09,Email Marketing,7741,499
2026-09-09,Email Marketing,7742,99
2026-09-09,Email Marketing,7743,99
2026-09-09,Email Marketing,7744,499
2026-09-09,Email Marketing,7745,199
2026-09-09,Email Marketing,7746,99
2026-09-09,Email Marketing,7747,99
2026-09-09,Email Marketing,7748,99
2026-09-09,Email Marketing,7749,99
2026-09-09,Email Marketing,7750,199
2026-09-09,Email Marketing,7751,499
2026-09-09,Email Marketing,7752,99
2026-09-10,Google Ads,7753,99
2026-09-10,Google Ads,7754,199
2026-09-10,Google Ads,7755,99
2026-09-10,Google Ads,7756,199
2026-09-10,Google Ads,7757,99
2026-09-10,Google Ads,7758,499
2026-09-10,Google Ads,7759,499
2026-09-10,Google Ads,7760,499
2026-09-10,Google Ads,7761,199
2026-09-10,Meta Ads,7762,99
2026-09-10,Meta Ads,7763,99
2026-09-10,Meta Ads,7764,99
2026-09-10,Meta Ads,7765,99
2026-09-10,Meta Ads,7766,99
2026-09-10,Meta Ads,7767,199
2026-09-10,Meta Ads,7768,99
2026-09-10,Meta Ads,7769,499
2026-09-10,Meta Ads,7770,199
2026-09-10,Meta Ads,7771,99
2026-09-10,LinkedIn Ads,7772,199
2026-09-10,LinkedIn Ads,7773,99
2026-09-10,LinkedIn Ads,7774,99
2026-09-10,LinkedIn Ads,7775,99
2026-09-10,Email Marketing,7776,99
2026-09-10,Email Marketing,7777,199
2026-09-10,Email Marketing,7778,199
2026-09-10,Email Marketing,7779,99
2026-09-10,Email Marketing,7780,99
2026-09-10,Email Marketing,7781,199
2026-09-10,Email Marketing,7782,99
2026-09-10,Email Marketing,7783,99
2026-09-10,Email Marketing,7784,99
2026-09-10,Email Marketing,7785,99
2026-09-10,Email Marketing,7786,99
2026-09-10,Email Marketing,7787,199
2026-09-11,Google Ads,7788,199
2026-09-11,Google Ads,7789,99
2026-09-11,Google Ads,7790,999
2026-09-11,Google Ads,7791,99
2026-09-11,Google Ads,7792,99
2026-09-11,Google Ads,7793,99
2026-09-11,Google Ads,7794,99
2026-09-11,Google Ads,7795,199
2026-09-11,Google Ads,7796,99
2026-09-11,Google Ads,7797,199
2026-09-11,Google Ads,7798,199
2026-09-11,Google Ads,7799,99
2026-09-11,Google Ads,7800,199
2026-09-11,Google Ads,7801,199
2026-09-11,Google Ads,7802,99
2026-09-11,Meta Ads,7803,99
2026-09-11,Meta Ads,7804,199
2026-09-11,Meta Ads,7805,199
2026-09-11,Meta Ads,7806,999
2026-09-11,Meta Ads,7807,99
2026-09-11,Meta Ads,7808,199
2026-09-11,Meta Ads,7809,199
2026-09-11,Meta Ads,7810,99
2026-09-11,Meta Ads,7811,499
2026-09-11,Meta Ads,7812,199
2026-09-11,Meta Ads,7813,99
2026-09-11,Meta Ads,7814,199
2026-09-11,LinkedIn Ads,7815,999
2026-09-11,LinkedIn Ads,7816,99
2026-09-11,LinkedIn Ads,7817,199
2026-09-11,LinkedIn Ads,7818,199
2026-09-11,LinkedIn Ads,7819,199
2026-09-11,LinkedIn Ads,7820,199
2026-09-11,LinkedIn Ads,7821,199
2026-09-11,Email Marketing,7822,99
2026-09-11,Email Marketing,7823,199
2026-09-11,Email Marketing,7824,99
2026-09-11,Email Marketing,7825,499
2026-09-11,Email Marketing,7826,99
2026-09-11,Email Marketing,7827,199
2026-09-11,Email Marketing,7828,499
2026-09-11,Email Marketing,7829,99
2026-09-11,Email Marketing,7830,999
2026-09-11,Email Marketing,7831,199
2026-09-12,Google Ads,7832,999
2026-09-12,Google Ads,7833,499
2026-09-12,Google Ads,7834,99
2026-09-12,Google Ads,7835,99
2026-09-12,Google Ads,7836,199
2026-09-12,Google Ads,7837,999
2026-09-12,Google Ads,7838,99
2026-09-12,Google Ads,7839,199
2026-09-12,Google Ads,7840,199
2026-09-12,Meta Ads,7841,499
2026-09-12,Meta Ads,7842,99
2026-09-12,Meta Ads,7843,99
2026-09-12,Meta Ads,7844,499
2026-09-12,Meta Ads,7845,499
2026-09-12,Meta Ads,7846,199
2026-09-12,LinkedIn Ads,7847,99
2026-09-12,LinkedIn Ads,7848,99
2026-09-12,LinkedIn Ads,7849,99
2026-09-12,Email Marketing,7850,499
2026-09-12,Email Marketing,7851,199
2026-09-12,Email Marketing,7852,199
2026-09-12,Email Marketing,7853,99
2026-09-12,Email Marketing,7854,999
2026-09-12,Email Marketing,7855,199
2026-09-12,Email Marketing,7856,99
2026-09-12,Email Marketing,7857,199
2026-09-12,Email Marketing,7858,99
2026-09-13,Google Ads,7859,99
2026-09-13,Google Ads,7860,99
2026-09-13,Google Ads,7861,499
2026-09-13,Google Ads,7862,199
2026-09-13,Google Ads,7863,199
2026-09-13,Meta Ads,7864,99
2026-09-13,Meta Ads,7865,99
2026-09-13,Meta Ads,7866,99
2026-09-13,Meta Ads,7867,99
2026-09-13,Meta Ads,7868,499
2026-09-13,Meta Ads,7869,499
2026-09-13,Meta Ads,7870,199
2026-09-13,Meta Ads,7871,999
2026-09-13,Meta Ads,7872,99
2026-09-13,Meta Ads,7873,199
2026-09-13,Meta Ads,7874,499
2026-09-13,LinkedIn Ads,7875,99
2026-09-13,LinkedIn Ads,7876,99
2026-09-13,Email Marketing,7877,499
2026-09-13,Email Marketing,7878,199
2026-09-13,Email Marketing,7879,499
2026-09-13,Email Marketing,7880,199
2026-09-13,Email Marketing,7881,99
2026-09-13,Email Marketing,7882,99
2026-09-13,Email Marketing,7883,99
2026-09-13,Email Marketing,7884,99
2026-09-13,Email Marketing,7885,199
2026-09-13,Email Marketing,7886,99
2026-09-13,Email Marketing,7887,499
2026-09-13,Email Marketing,7888,99
2026-09-13,Email Marketing,7889,99
2026-09-13,Email Marketing,7890,499
2026-09-13,Email Marketing,7891,499
2026-09-14,Google Ads,7892,199
2026-09-14,Google Ads,7893,199
2026-09-14,Google Ads,7894,99
2026-09-14,Google Ads,7895,99
2026-09-14,Google Ads,7896,99
2026-09-14,Google Ads,7897,199
2026-09-14,Google Ads,7898,199
2026-09-14,Google Ads,7899,199
2026-09-14,Meta Ads,7900,99
2026-09-14,Meta Ads,7901,99
2026-09-14,Meta Ads,7902,99
2026-09-14,Meta Ads,7903,99
2026-09-14,Meta Ads,7904,199
2026-09-14,Meta Ads,7905,99
2026-09-14,LinkedIn Ads,7906,99
2026-09-14,LinkedIn Ads,7907,199
2026-09-14,LinkedIn Ads,7908,99
2026-09-14,LinkedIn Ads,7909,999
2026-09-14,Email Marketing,7910,199
2026-09-14,Email Marketing,7911,199
2026-09-14,Email Marketing,7912,99
2026-09-14,Email Marketing,7913,199
2026-09-14,Email Marketing,7914,499
2026-09-14,Email Marketing,7915,99
2026-09-14,Email Marketing,7916,99
2026-09-14,Email Marketing,7917,999
2026-09-14,Email Marketing,7918,99
2026-09-14,Email Marketing,7919,199
2026-09-14,Email Marketing,7920,499
2026-09-14,Email Marketing,7921,499
2026-09-14,Email Marketing,7922,99
2026-09-14,Email Marketing,7923,199
2026-09-14,Email Marketing,7924,199
2026-09-14,Email Marketing,7925,499
2026-09-14,Email Marketing,7926,99
2026-09-14,Email Marketing,7927,999
2026-09-14,Email Marketing,7928,499
2026-09-15,Google Ads,7929,199
2026-09-15,Google Ads,7930,99
2026-09-15,Google Ads,7931,99
2026-09-15,Google Ads,7932,99
2026-09-15,Google Ads,7933,499
2026-09-15,Google Ads,7934,99
2026-09-15,Google Ads,7935,199
2026-09-15,Google Ads,7936,99
2026-09-15,Google Ads,7937,99
2026-09-15,Meta Ads,7938,199
2026-09-15,Meta Ads,7939,99
2026-09-15,Meta Ads,7940,99
2026-09-15,Meta Ads,7941,499
2026-09-15,Meta Ads,7942,499
2026-09-15,Meta Ads,7943,499
2026-09-15,Meta Ads,7944,199
2026-09-15,Meta Ads,7945,99
2026-09-15,Meta Ads,7946,99
2026-09-15,Meta Ads,7947,99
2026-09-15,LinkedIn Ads,7948,199
2026-09-15,LinkedIn Ads,7949,199
2026-09-15,Email Marketing,7950,199
2026-09-15,Email Marketing,7951,999
2026-09-15,Email Marketing,7952,99
2026-09-15,Email Marketing,7953,499
2026-09-15,Email Marketing,7954,199
2026-09-15,Email Marketing,7955,99
2026-09-15,Email Marketing,7956,99
2026-09-15,Email Marketing,7957,99
2026-09-15,Email Marketing,7958,999
2026-09-15,Email Marketing,7959,99
2026-09-15,Email Marketing,7960,99
2026-09-15,Email Marketing,7961,199
2026-09-15,Email Marketing,7962,99
2026-09-15,Email Marketing,7963,499
2026-09-16,Google Ads,7964,499
2026-09-16,Google Ads,7965,199
2026-09-16,Google Ads,7966,99
2026-09-16,Google Ads,7967,99
2026-09-16,Google Ads,7968,99
2026-09-16,Google Ads,7969,99
2026-09-16,Google Ads,7970,499
2026-09-16,Google Ads,7971,199
2026-09-16,Google Ads,7972,199
2026-09-16,Meta Ads,7973,199
2026-09-16,Meta Ads,7974,99
2026-09-16,Meta Ads,7975,99
2026-09-16,Meta Ads,7976,99
2026-09-16,Meta Ads,7977,199
2026-09-16,Meta Ads,7978,99
2026-09-16,Meta Ads,7979,99
2026-09-16,Meta Ads,7980,199
2026-09-16,Meta Ads,7981,199
2026-09-16,LinkedIn Ads,7982,99
2026-09-16,LinkedIn Ads,7983,99
2026-09-16,LinkedIn Ads,7984,99
2026-09-16,LinkedIn Ads,7985,99
2026-09-16,LinkedIn Ads,7986,999
2026-09-16,Email Marketing,7987,499
2026-09-16,Email Marketing,7988,199
2026-09-16,Email Marketing,7989,199
2026-09-16,Email Marketing,7990,499
2026-09-16,Email Marketing,7991,99
2026-09-16,Email Marketing,7992,999
2026-09-16,Email Marketing,7993,99
2026-09-16,Email Marketing,7994,499
2026-09-16,Email Marketing,7995,99
2026-09-16,Email Marketing,7996,99
2026-09-16,Email Marketing,7997,99
2026-09-16,Email Marketing,7998,99
2026-09-16,Email Marketing,7999,199
2026-09-16,Email Marketing,8000,199
2026-09-16,Email Marketing,8001,499
2026-09-16,Email Marketing,8002,99
2026-09-16,Email Marketing,8003,99
2026-09-17,Google Ads,8004,999
2026-09-17,Google Ads,8005,99
2026-09-17,Google Ads,8006,999
2026-09-17,Google Ads,8007,199
2026-09-17,Google Ads,8008,99
2026-09-17,Google Ads,8009,99
2026-09-17,Google Ads,8010,99
2026-09-17,Google Ads,8011,99
2026-09-17,Google Ads,8012,99
2026-09-17,Meta Ads,8013,99
2026-09-17,Meta Ads,8014,99
2026-09-17,Meta Ads,8015,99
2026-09-17,Meta Ads,8016,99
2026-09-17,Meta Ads,8017,99
2026-09-17,Meta Ads,8018,99
2026-09-17,Meta Ads,8019,499
2026-09-17,Meta Ads,8020,199
2026-09-17,Meta Ads,8021,99
2026-09-17,Meta Ads,8022,99
2026-09-17,Meta Ads,8023,499
2026-09-17,Meta Ads,8024,99
2026-09-17,Meta Ads,8025,99
2026-09-17,Meta Ads,8026,99
2026-09-17,Meta Ads,8027,99
2026-09-17,LinkedIn Ads,8028,99
2026-09-17,LinkedIn Ads,8029,99
2026-09-17,LinkedIn Ads,8030,99
2026-09-17,LinkedIn Ads,8031,499
2026-09-17,Email Marketing,8032,99
2026-09-17,Email Marketing,8033,999
2026-09-17,Email Marketing,8034,199
2026-09-17,Email Marketing,8035,99
2026-09-17,Email Marketing,8036,99
2026-09-17,Email Marketing,8037,199
2026-09-17,Email Marketing,8038,99
2026-09-17,Email Marketing,8039,99
2026-09-17,Email Marketing,8040,99
2026-09-17,Email Marketing,8041,499
2026-09-17,Email Marketing,8042,199
2026-09-17,Email Marketing,8043,499
2026-09-17,Email Marketing,8044,99
2026-09-17,Email Marketing,8045,199
2026-09-17,Email Marketing,8046,499
2026-09-17,Email Marketing,8047,99
2026-09-17,Email Marketing,8048,99
2026-09-18,Google Ads,8049,499
2026-09-18,Google Ads,8050,199
2026-09-18,Google Ads,8051,99
2026-09-18,Google Ads,8052,499
2026-09-18,Google Ads,8053,499
2026-09-18,Google Ads,8054,99
2026-09-18,Google Ads,8055,999
2026-09-18,Google Ads,8056,499
2026-09-18,Google Ads,8057,99
2026-09-18,Google Ads,8058,199
2026-09-18,Google Ads,8059,499
2026-09-18,Google Ads,8060,99
2026-09-18,Google Ads,8061,99
2026-09-18,Google Ads,8062,99
2026-09-18,Google Ads,8063,499
2026-09-18,Google Ads,8064,99
2026-09-18,Google Ads,8065,199
2026-09-18,Google Ads,8066,199
2026-09-18,Google Ads,8067,499
2026-09-18,Google Ads,8068,199
2026-09-18,Meta Ads,8069,99
2026-09-18,Meta Ads,8070,199
2026-09-18,Meta Ads,8071,99
2026-09-18,Meta Ads,8072,99
2026-09-18,Meta Ads,8073,499
2026-09-18,Meta Ads,8074,99
2026-09-18,Meta Ads,8075,199
2026-09-18,Meta Ads,8076,99
2026-09-18,Meta Ads,8077,99
2026-09-18,Meta Ads,8078,99
2026-09-18,LinkedIn Ads,8079,199
2026-09-18,Email Marketing,8080,499
2026-09-18,Email Marketing,8081,199
2026-09-18,Email Marketing,8082,199
2026-09-18,Email Marketing,8083,199
2026-09-18,Email Marketing,8084,99
2026-09-18,Email Marketing,8085,99
2026-09-18,Email Marketing,8086,99
2026-09-18,Email Marketing,8087,199
2026-09-18,Email Marketing,8088,199
2026-09-18,Email Marketing,8089,99
2026-09-18,Email Marketing,8090,99
2026-09-18,Email Marketing,8091,199
2026-09-18,Email Marketing,8092,199
2026-09-18,Email Marketing,8093,99
2026-09-18,Email Marketing,8094,99
2026-09-18,Email Marketing,8095,199
2026-09-18,Email Marketing,8096,199
2026-09-18,Email Marketing,8097,199
2026-09-18,Email Marketing,8098,99
2026-09-18,Email Marketing,8099,199
2026-09-19,Google Ads,8100,99
2026-09-19,Google Ads,8101,199
2026-09-19,Google Ads,8102,199
2026-09-19,Google Ads,8103,499
2026-09-19,Google Ads,8104,199
2026-09-19,Google Ads,8105,499
2026-09-19,Google Ads,8106,99
2026-09-19,Google Ads,8107,499
2026-09-19,Google Ads,8108,499
2026-09-19,Google Ads,8109,499
2026-09-19,Google Ads,8110,999
2026-09-19,Google Ads,8111,199
2026-09-19,Google Ads,8112,99
2026-09-19,Meta Ads,8113,99
2026-09-19,Meta Ads,8114,99
2026-09-19,Meta Ads,8115,199
2026-09-19,Meta Ads,8116,199
2026-09-19,Meta Ads,8117,199
2026-09-19,Meta Ads,8118,199
2026-09-19,Meta Ads,8119,999
2026-09-19,Meta Ads,8120,99
2026-09-19,Meta Ads,8121,499
2026-09-19,Meta Ads,8122,99
2026-09-19,Meta Ads,8123,499
2026-09-19,Email Marketing,8124,499
2026-09-19,Email Marketing,8125,99
2026-09-19,Email Marketing,8126,499
2026-09-19,Email Marketing,8127,99
2026-09-19,Email Marketing,8128,99
2026-09-19,Email Marketing,8129,199
2026-09-19,Email Marketing,8130,99
2026-09-19,Email Marketing,8131,99
2026-09-19,Email Marketing,8132,99
2026-09-19,Email Marketing,8133,499
2026-09-19,Email Marketing,8134,999
2026-09-19,Email Marketing,8135,99
2026-09-19,Email Marketing,8136,99
2026-09-19,Email Marketing,8137,99
2026-09-19,Email Marketing,8138,199
2026-09-19,Email Marketing,8139,199
2026-09-19,Email Marketing,8140,99
2026-09-19,Email Marketing,8141,99
2026-09-19,Email Marketing,8142,99
2026-09-19,Email Marketing,8143,499
2026-09-19,Email Marketing,8144,199
2026-09-19,Email Marketing,8145,99
2026-09-19,Email Marketing,8146,99
2026-09-19,Email Marketing,8147,499
2026-09-20,Google Ads,8148,99
2026-09-20,Google Ads,8149,99
2026-09-20,Google Ads,8150,199
2026-09-20,Google Ads,8151,199
2026-09-20,Google Ads,8152,199
2026-09-20,Google Ads,8153,99
2026-09-20,Google Ads,8154,199
2026-09-20,Google Ads,8155,99
2026-09-20,Google Ads,8156,99
2026-09-20,Meta Ads,8157,499
2026-09-20,Meta Ads,8158,499
2026-09-20,Meta Ads,8159,199
2026-09-20,Meta Ads,8160,99
2026-09-20,Meta Ads,8161,99
2026-09-20,Meta Ads,8162,199
2026-09-20,Meta Ads,8163,99
2026-09-20,Meta Ads,8164,99
2026-09-20,Meta Ads,8165,99
2026-09-20,LinkedIn Ads,8166,499
2026-09-20,LinkedIn Ads,8167,199
2026-09-20,LinkedIn Ads,8168,99
2026-09-20,LinkedIn Ads,8169,99
2026-09-20,LinkedIn Ads,8170,99
2026-09-20,Email Marketing,8171,99
2026-09-20,Email Marketing,8172,99
2026-09-20,Email Marketing,8173,199
2026-09-20,Email Marketing,8174,199
2026-09-20,Email Marketing,8175,99
2026-09-20,Email Marketing,8176,99
2026-09-20,Email Marketing,8177,499
2026-09-20,Email Marketing,8178,99
2026-09-20,Email Marketing,8179,99
2026-09-20,Email Marketing,8180,99
2026-09-20,Email Marketing,8181,199
2026-09-20,Email Marketing,8182,199
2026-09-20,Email Marketing,8183,199
2026-09-21,Google Ads,8184,99
2026-09-21,Google Ads,8185,199
2026-09-21,Google Ads,8186,199
2026-09-21,Google Ads,8187,99
2026-09-21,Google Ads,8188,99
2026-09-21,Google Ads,8189,499
2026-09-21,Google Ads,8190,99
2026-09-21,Google Ads,8191,99
2026-09-21,Google Ads,8192,99
2026-09-21,Google Ads,8193,199
2026-09-21,Google Ads,8194,199
2026-09-21,Google Ads,8195,199
2026-09-21,Meta Ads,8196,99
2026-09-21,Meta Ads,8197,499
2026-09-21,Meta Ads,8198,99
2026-09-21,Meta Ads,8199,99
2026-09-21,Meta Ads,8200,99
2026-09-21,Meta Ads,8201,199
2026-09-21,Meta Ads,8202,499
2026-09-21,Meta Ads,8203,499
2026-09-21,LinkedIn Ads,8204,99
2026-09-21,LinkedIn Ads,8205,199
2026-09-21,LinkedIn Ads,8206,199
2026-09-21,Email Marketing,8207,99
2026-09-21,Email Marketing,8208,199
2026-09-21,Email Marketing,8209,99
2026-09-21,Email Marketing,8210,99
2026-09-21,Email Marketing,8211,199
2026-09-21,Email Marketing,8212,999
2026-09-21,Email Marketing,8213,99
2026-09-21,Email Marketing,8214,199
2026-09-21,Email Marketing,8215,199
2026-09-21,Email Marketing,8216,99
2026-09-21,Email Marketing,8217,999
2026-09-21,Email Marketing,8218,199
2026-09-21,Email Marketing,8219,199
2026-09-21,Email Marketing,8220,99
2026-09-21,Email Marketing,8221,199
2026-09-21,Email Marketing,8222,199
2026-09-22,Google Ads,8223,99
2026-09-22,Google Ads,8224,99
2026-09-22,Google Ads,8225,199
2026-09-22,Google Ads,8226,499
2026-09-22,Google Ads,8227,99
2026-09-22,Google Ads,8228,99
2026-09-22,Google Ads,8229,199
2026-09-22,Google Ads,8230,199
2026-09-22,Google Ads,8231,99
2026-09-22,Google Ads,8232,99
2026-09-22,Google Ads,8233,99
2026-09-22,Google Ads,8234,99
2026-09-22,Google Ads,8235,99
2026-09-22,Meta Ads,8236,99
2026-09-22,Meta Ads,8237,199
2026-09-22,Meta Ads,8238,199
2026-09-22,Meta Ads,8239,199
2026-09-22,Meta Ads,8240,199
2026-09-22,Meta Ads,8241,199
2026-09-22,Meta Ads,8242,199
2026-09-22,Meta Ads,8243,99
2026-09-22,Meta Ads,8244,99
2026-09-22,Meta Ads,8245,99
2026-09-22,LinkedIn Ads,8246,199
2026-09-22,LinkedIn Ads,8247,99
2026-09-22,LinkedIn Ads,8248,199
2026-09-22,LinkedIn Ads,8249,499
2026-09-22,Email Marketing,8250,99
2026-09-22,Email Marketing,8251,99
2026-09-22,Email Marketing,8252,99
2026-09-22,Email Marketing,8253,499
2026-09-22,Email Marketing,8254,99
2026-09-22,Email Marketing,8255,99
2026-09-22,Email Marketing,8256,499
2026-09-22,Email Marketing,8257,499
2026-09-22,Email Marketing,8258,99
2026-09-22,Email Marketing,8259,199
2026-09-22,Email Marketing,8260,99
2026-09-22,Email Marketing,8261,99
2026-09-22,Email Marketing,8262,499
2026-09-22,Email Marketing,8263,199
2026-09-22,Email Marketing,8264,199
2026-09-23,Google Ads,8265,199
2026-09-23,Google Ads,8266,99
2026-09-23,Google Ads,8267,99
2026-09-23,Google Ads,8268,499
2026-09-23,Google Ads,8269,99
2026-09-23,Google Ads,8270,199
2026-09-23,Google Ads,8271,199
2026-09-23,Google Ads,8272,199
2026-09-23,Meta Ads,8273,999
2026-09-23,Meta Ads,8274,99
2026-09-23,Meta Ads,8275,199
2026-09-23,Meta Ads,8276,999
2026-09-23,LinkedIn Ads,8277,199
2026-09-23,LinkedIn Ads,8278,99
2026-09-23,Email Marketing,8279,99
2026-09-23,Email Marketing,8280,499
2026-09-23,Email Marketing,8281,499
2026-09-23,Email Marketing,8282,499
2026-09-23,Email Marketing,8283,99
2026-09-23,Email Marketing,8284,499
2026-09-23,Email Marketing,8285,99
2026-09-23,Email Marketing,8286,199
2026-09-23,Email Marketing,8287,99
2026-09-23,Email Marketing,8288,999
2026-09-23,Email Marketing,8289,99
2026-09-23,Email Marketing,8290,499
2026-09-23,Email Marketing,8291,99
2026-09-23,Email Marketing,8292,99
2026-09-24,Google Ads,8293,199
2026-09-24,Google Ads,8294,99
2026-09-24,Google Ads,8295,499
2026-09-24,Google Ads,8296,199
2026-09-24,Google Ads,8297,199
2026-09-24,Google Ads,8298,199
2026-09-24,Google Ads,8299,99
2026-09-24,Google Ads,8300,999
2026-09-24,Google Ads,8301,999
2026-09-24,Google Ads,8302,99
2026-09-24,Meta Ads,8303,99
2026-09-24,Meta Ads,8304,199
2026-09-24,Meta Ads,8305,499
2026-09-24,Meta Ads,8306,99
2026-09-24,Meta Ads,8307,499
2026-09-24,Meta Ads,8308,99
2026-09-24,Meta Ads,8309,499
2026-09-24,Meta Ads,8310,499
2026-09-24,LinkedIn Ads,8311,99
2026-09-24,LinkedIn Ads,8312,199
2026-09-24,LinkedIn Ads,8313,499
2026-09-24,LinkedIn Ads,8314,99
2026-09-24,LinkedIn Ads,8315,499
2026-09-24,LinkedIn Ads,8316,99
2026-09-24,LinkedIn Ads,8317,99
2026-09-24,Email Marketing,8318,499
2026-09-24,Email Marketing,8319,499
2026-09-24,Email Marketing,8320,99
2026-09-24,Email Marketing,8321,199
2026-09-24,Email Marketing,8322,99
2026-09-24,Email Marketing,8323,999
2026-09-24,Email Marketing,8324,199
2026-09-24,Email Marketing,8325,199
2026-09-24,Email Marketing,8326,199
2026-09-24,Email Marketing,8327,99
2026-09-24,Email Marketing,8328,199
2026-09-24,Email Marketing,8329,499
2026-09-24,Email Marketing,8330,99
2026-09-24,Email Marketing,8331,199
2026-09-24,Email Marketing,8332,199
2026-09-24,Email Marketing,8333,499
2026-09-25,Google Ads,8334,99
2026-09-25,Google Ads,8335,199
2026-09-25,Google Ads,8336,99
2026-09-25,Google Ads,8337,99
2026-09-25,Meta Ads,8338,99
2026-09-25,Meta Ads,8339,99
2026-09-25,Meta Ads,8340,99
2026-09-25,Meta Ads,8341,199
2026-09-25,Meta Ads,8342,99
2026-09-25,Meta Ads,8343,99
2026-09-25,Meta Ads,8344,199
2026-09-25,LinkedIn Ads,8345,999
2026-09-25,Email Marketing,8346,99
2026-09-25,Email Marketing,8347,99
2026-09-25,Email Marketing,8348,499
2026-09-25,Email Marketing,8349,199
2026-09-25,Email Marketing,8350,99
2026-09-25,Email Marketing,8351,499
2026-09-25,Email Marketing,8352,99
2026-09-25,Email Marketing,8353,99
2026-09-25,Email Marketing,8354,199
2026-09-25,Email Marketing,8355,199
2026-09-25,Email Marketing,8356,199
2026-09-25,Email Marketing,8357,99
2026-09-25,Email Marketing,8358,999
2026-09-25,Email Marketing,8359,99
2026-09-26,Google Ads,8360,199
2026-09-26,Google Ads,8361,199
2026-09-26,Google Ads,8362,199
2026-09-26,Google Ads,8363,99
2026-09-26,Google Ads,8364,99
2026-09-26,Google Ads,8365,199
2026-09-26,Google Ads,8366,199
2026-09-26,Google Ads,8367,199
2026-09-26,Google Ads,8368,99
2026-09-26,Google Ads,8369,199
2026-09-26,Google Ads,8370,99
2026-09-26,Google Ads,8371,99
2026-09-26,Google Ads,8372,199
2026-09-26,Meta Ads,8373,199
2026-09-26,Meta Ads,8374,99
2026-09-26,Meta Ads,8375,99
2026-09-26,Meta Ads,8376,99
2026-09-26,Meta Ads,8377,199
2026-09-26,Meta Ads,8378,99
2026-09-26,Meta Ads,8379,199
2026-09-26,Meta Ads,8380,199
2026-09-26,Meta Ads,8381,999
2026-09-26,Meta Ads,8382,99
2026-09-26,Meta Ads,8383,99
2026-09-26,Meta Ads,8384,99
2026-09-26,Meta Ads,8385,999
2026-09-26,Meta Ads,8386,999
2026-09-26,Meta Ads,8387,99
2026-09-26,LinkedIn Ads,8388,199
2026-09-26,LinkedIn Ads,8389,199
2026-09-26,LinkedIn Ads,8390,499
2026-09-26,LinkedIn Ads,8391,199
2026-09-26,LinkedIn Ads,8392,999
2026-09-26,Email Marketing,8393,499
2026-09-26,Email Marketing,8394,199
2026-09-26,Email Marketing,8395,499
2026-09-26,Email Marketing,8396,99
2026-09-26,Email Marketing,8397,199
2026-09-26,Email Marketing,8398,199
2026-09-26,Email Marketing,8399,999
2026-09-26,Email Marketing,8400,99
2026-09-26,Email Marketing,8401,99
2026-09-26,Email Marketing,8402,499
2026-09-26,Email Marketing,8403,499
2026-09-26,Email Marketing,8404,199
2026-09-26,Email Marketing,8405,99
2026-09-26,Email Marketing,8406,99
2026-09-26,Email Marketing,8407,499
2026-09-26,Email Marketing,8408,99
2026-09-26,Email Marketing,8409,99
2026-09-27,Google Ads,8410,199
2026-09-27,Google Ads,8411,99
2026-09-27,Google Ads,8412,99
2026-09-27,Google Ads,8413,99
2026-09-27,Google Ads,8414,199
2026-09-27,Google Ads,8415,199
2026-09-27,Google Ads,8416,499
2026-09-27,Google Ads,8417,99
2026-09-27,Google Ads,8418,499
2026-09-27,Google Ads,8419,99
2026-09-27,Google Ads,8420,99
2026-09-27,Google Ads,8421,999
2026-09-27,Meta Ads,8422,99
2026-09-27,Meta Ads,8423,499
2026-09-27,Meta Ads,8424,499
2026-09-27,Meta Ads,8425,499
2026-09-27,Meta Ads,8426,99
2026-09-27,Meta Ads,8427,99
2026-09-27,Meta Ads,8428,199
2026-09-27,Meta Ads,8429,99
2026-09-27,Meta Ads,8430,99
2026-09-27,Meta Ads,8431,99
2026-09-27,Meta Ads,8432,499
2026-09-27,LinkedIn Ads,8433,99
2026-09-27,LinkedIn Ads,8434,99
2026-09-27,LinkedIn Ads,8435,199
2026-09-27,LinkedIn Ads,8436,99
2026-09-27,LinkedIn Ads,8437,499
2026-09-27,LinkedIn Ads,8438,199
2026-09-27,Email Marketing,8439,99
2026-09-27,Email Marketing,8440,99
2026-09-27,Email Marketing,8441,99
2026-09-27,Email Marketing,8442,999
2026-09-27,Email Marketing,8443,99
2026-09-27,Email Marketing,8444,199
2026-09-27,Email Marketing,8445,199
2026-09-27,Email Marketing,8446,99
2026-09-27,Email Marketing,8447,99
2026-09-27,Email Marketing,8448,499
2026-09-27,Email Marketing,8449,199
2026-09-27,Email Marketing,8450,499
2026-09-28,Google Ads,8451,199
2026-09-28,Google Ads,8452,999
2026-09-28,Google Ads,8453,99
2026-09-28,Google Ads,8454,99
2026-09-28,Google Ads,8455,99
2026-09-28,Google Ads,8456,99
2026-09-28,Google Ads,8457,199
2026-09-28,Google Ads,8458,99
2026-09-28,Google Ads,8459,199
2026-09-28,Google Ads,8460,99
2026-09-28,Google Ads,8461,199
2026-09-28,Google Ads,8462,99
2026-09-28,Google Ads,8463,99
2026-09-28,Google Ads,8464,99
2026-09-28,Meta Ads,8465,99
2026-09-28,Meta Ads,8466,199
2026-09-28,Meta Ads,8467,99
2026-09-28,Meta Ads,8468,99
2026-09-28,Meta Ads,8469,199
2026-09-28,Meta Ads,8470,199
2026-09-28,Meta Ads,8471,499
2026-09-28,Meta Ads,8472,99
2026-09-28,Meta Ads,8473,199
2026-09-28,LinkedIn Ads,8474,199
2026-09-28,Email Marketing,8475,99
2026-09-28,Email Marketing,8476,99
2026-09-28,Email Marketing,8477,499
2026-09-28,Email Marketing,8478,99
2026-09-28,Email Marketing,8479,99
2026-09-28,Email Marketing,8480,99
2026-09-28,Email Marketing,8481,99
2026-09-28,Email Marketing,8482,199
2026-09-28,Email Marketing,8483,499
2026-09-28,Email Marketing,8484,99
2026-09-28,Email Marketing,8485,999
2026-09-28,Email Marketing,8486,199
2026-09-28,Email Marketing,8487,199
2026-09-28,Email Marketing,8488,99
2026-09-28,Email Marketing,8489,99
2026-09-28,Email Marketing,8490,199
2026-09-28,Email Marketing,8491,99
2026-09-28,Email Marketing,8492,99
2026-09-28,Email Marketing,8493,199
2026-09-29,Google Ads,8494,499
2026-09-29,Google Ads,8495,499
2026-09-29,Google Ads,8496,99
2026-09-29,Google Ads,8497,99
2026-09-29,Google Ads,8498,99
2026-09-29,Google Ads,8499,99
2026-09-29,Google Ads,8500,999
2026-09-29,Meta Ads,8501,99
2026-09-29,Meta Ads,8502,99
2026-09-29,Meta Ads,8503,99
2026-09-29,Meta Ads,8504,99
2026-09-29,Meta Ads,8505,99
2026-09-29,Meta Ads,8506,99
2026-09-29,Meta Ads,8507,499
2026-09-29,Meta Ads,8508,99
2026-09-29,Meta Ads,8509,199
2026-09-29,Meta Ads,8510,99
2026-09-29,Meta Ads,8511,199
2026-09-29,Meta Ads,8512,199
2026-09-29,Meta Ads,8513,199
2026-09-29,Meta Ads,8514,199
2026-09-29,LinkedIn Ads,8515,99
2026-09-29,Email Marketing,8516,999
2026-09-29,Email Marketing,8517,99
2026-09-29,Email Marketing,8518,199
2026-09-29,Email Marketing,8519,199
2026-09-29,Email Marketing,8520,99
2026-09-29,Email Marketing,8521,99
2026-09-29,Email Marketing,8522,199
2026-09-29,Email Marketing,8523,499
2026-09-29,Email Marketing,8524,99
2026-09-29,Email Marketing,8525,199
2026-09-30,Google Ads,8526,99
2026-09-30,Google Ads,8527,99
2026-09-30,Google Ads,8528,99
2026-09-30,Google Ads,8529,499
2026-09-30,Google Ads,8530,199
2026-09-30,Google Ads,8531,199
2026-09-30,Google Ads,8532,199
2026-09-30,Google Ads,8533,99
2026-09-30,Google Ads,8534,99
2026-09-30,Google Ads,8535,499
2026-09-30,Google Ads,8536,99
2026-09-30,Google Ads,8537,99
2026-09-30,Google Ads,8538,199
2026-09-30,Google Ads,8539,99
2026-09-30,Google Ads,8540,99
2026-09-30,Google Ads,8541,99
2026-09-30,Meta Ads,8542,199
2026-09-30,Meta Ads,8543,99
2026-09-30,Meta Ads,8544,99
2026-09-30,Meta Ads,8545,199
2026-09-30,Meta Ads,8546,499
2026-09-30,Meta Ads,8547,199
2026-09-30,Meta Ads,8548,99
2026-09-30,Meta Ads,8549,199
2026-09-30,Meta Ads,8550,99
2026-09-30,Meta Ads,8551,199
2026-09-30,Meta Ads,8552,199
2026-09-30,Meta Ads,8553,99
2026-09-30,Meta Ads,8554,99
2026-09-30,LinkedIn Ads,8555,99
2026-09-30,LinkedIn Ads,8556,99
2026-09-30,LinkedIn Ads,8557,199
2026-09-30,Email Marketing,8558,99
2026-09-30,Email Marketing,8559,99
2026-09-30,Email Marketing,8560,199
2026-09-30,Email Marketing,8561,99
2026-09-30,Email Marketing,8562,99
2026-09-30,Email Marketing,8563,99
2026-09-30,Email Marketing,8564,99
2026-09-30,Email Marketing,8565,99
2026-09-30,Email Marketing,8566,99
2026-09-30,Email Marketing,8567,99
2026-09-30,Email Marketing,8568,99
2026-09-30,Email Marketing,8569,999
2026-09-30,Email Marketing,8570,99
2026-09-30,Email Marketing,8571,199
2026-09-30,Email Marketing,8572,499
2026-09-30,Email Marketing,8573,99
2026-09-30,Email Marketing,8574,99
2026-09-30,Email Marketing,8575,99
2026-09-30,Email Marketing,8576,199
2026-09-30,Email Marketing,8577,99
2026-10-01,Google Ads,8578,99
2026-10-01,Google Ads,8579,99
2026-10-01,Google Ads,8580,199
2026-10-01,Google Ads,8581,99
2026-10-01,Google Ads,8582,99
2026-10-01,Google Ads,8583,99
2026-10-01,Google Ads,8584,499
2026-10-01,Google Ads,8585,99
2026-10-01,Google Ads,8586,499
2026-10-01,Google Ads,8587,199
2026-10-01,Google Ads,8588,99
2026-10-01,Google Ads,8589,99
2026-10-01,Google Ads,8590,99
2026-10-01,Google Ads,8591,199
2026-10-01,Google Ads,8592,199
2026-10-01,Meta Ads,8593,199
2026-10-01,Meta Ads,8594,199
2026-10-01,Meta Ads,8595,99
2026-10-01,Meta Ads,8596,499
2026-10-01,Meta Ads,8597,199
2026-10-01,Meta Ads,8598,99
2026-10-01,Meta Ads,8599,99
2026-10-01,Meta Ads,8600,99
2026-10-01,Meta Ads,8601,99
2026-10-01,Meta Ads,8602,999
2026-10-01,Meta Ads,8603,199
2026-10-01,Meta Ads,8604,99
2026-10-01,LinkedIn Ads,8605,99
2026-10-01,LinkedIn Ads,8606,99
2026-10-01,LinkedIn Ads,8607,99
2026-10-01,LinkedIn Ads,8608,99
2026-10-01,LinkedIn Ads,8609,99
2026-10-01,LinkedIn Ads,8610,199
2026-10-01,LinkedIn Ads,8611,499
2026-10-01,Email Marketing,8612,99
2026-10-01,Email Marketing,8613,199
2026-10-01,Email Marketing,8614,99
2026-10-01,Email Marketing,8615,199
2026-10-01,Email Marketing,8616,499
2026-10-01,Email Marketing,8617,499
2026-10-01,Email Marketing,8618,99
2026-10-01,Email Marketing,8619,99
2026-10-01,Email Marketing,8620,199
2026-10-01,Email Marketing,8621,99
2026-10-01,Email Marketing,8622,199
2026-10-01,Email Marketing,8623,99
2026-10-01,Email Marketing,8624,99
2026-10-01,Email Marketing,8625,99
2026-10-01,Email Marketing,8626,199
2026-10-01,Email Marketing,8627,99
2026-10-01,Email Marketing,8628,499
2026-10-01,Email Marketing,8629,199
2026-10-01,Email Marketing,8630,99
2026-10-01,Email Marketing,8631,499
2026-10-01,Email Marketing,8632,199
2026-10-01,Email Marketing,8633,499
2026-10-01,Email Marketing,8634,99
